ï»¿Restaurant ID,Restaurant Name,Country Code,City,Address,Locality,Locality Verbose,Longitude,Latitude,Cuisines,Average Cost for two,Currency,Has Table booking,Has Online delivery,Is delivering now,Switch to order menu,Price range,Aggregate rating,Rating color,Rating text,Votes
6318506,Ooma,162,Mandaluyong City,"Third Floor, Mega Fashion Hall, SM Megamall, Ortigas, Mandaluyong City","SM Megamall, Ortigas, Mandaluyong City","SM Megamall, Ortigas, Mandaluyong City, Mandaluyong City",121.056475,14.585318,"Japanese, Sushi",1500,Botswana Pula(P),No,No,No,No,4,4.9,Dark Green,Excellent,365
5927248,Draft Gastro Pub,208,ï¿½ï¿½stanbul,"Caddebostan Mahallesi, Baï¿½ï¿½dat Caddesi, No 349, Kat 1, KadÛ±kï¿½_y, ï¿½ï¿½stanbul",Caddebostan,"Caddebostan, ï¿½ï¿½stanbul",29.07411609,40.96393456,Bar Food,130,Turkish Lira(TL),No,No,No,No,4,4.9,Dark Green,Excellent,522
6309903,Silantro Fil-Mex,162,Pasig City,"75 East Capitol Drive, Kapitolyo, Pasig City",Kapitolyo,"Kapitolyo, Pasig City",121.057916,14.567689,"Filipino, Mexican",800,Botswana Pula(P),No,No,No,No,3,4.9,Dark Green,Excellent,1070
6300010,Spiral - Sofitel Philippine Plaza Manila,162,Pasay City,"Plaza Level, Sofitel Philippine Plaza Manila, CCP Complex, Pasay City","Sofitel Philippine Plaza Manila, Pasay City","Sofitel Philippine Plaza Manila, Pasay City, Pasay City",120.98009,14.55299,"European, Asian, Indian",6000,Botswana Pula(P),Yes,No,No,No,4,4.9,Dark Green,Excellent,621
6801374,Solita,215,Manchester,"37 Turner Street, Northern Quarter, Manchester M4 1DW",Northern Quarter,"Northern Quarter, Manchester",-2.237333333,53.4835,"American, Burger, Grill",50,Pounds(ï¿½ï¿½),No,No,No,No,3,4.9,Dark Green,Excellent,162
6501534,Cube - Tasting Kitchen,189,Inner City,"24 Albrecht Road, Maboneng Precinct, City and Suburban, Inner City",City and Suburban,"City and Suburban, Inner City",28.060192,-26.203278,"European, Contemporary",1540,Rand(R),No,No,No,No,4,4.9,Dark Green,Excellent,441
18339373,Urbanologi,189,Inner City,"1 Fox Street, Marshalltown, Inner City, Johannesburg",Marshalltown,"Marshalltown, Inner City",28.031863,-26.207091,Tapas,700,Rand(R),No,No,No,No,4,4.9,Dark Green,Excellent,194
5901782,Starbucks,208,ï¿½ï¿½stanbul,"Bebek Mahallesi, Cevdetpaï¿½ï¿½a Caddesi, No 30/A, Beï¿½ï¿½iktaï¿½ï¿½, ï¿½ï¿½stanbul",Bebek,"Bebek, ï¿½ï¿½stanbul",29.04373437,41.07769599,Cafe,30,Turkish Lira(TL),No,No,No,No,2,4.9,Dark Green,Excellent,1042
6202039,Mainland China Restaurant,166,Doha,"1st Floor, Barwa Towers, Suhaim Bin Hamad Street, Al Sadd, Doha","Barwa Towers, Al Sadd","Barwa Towers, Al Sadd, Doha",51.50505289,25.28599626,Chinese,250,Qatari Rial(QR),No,No,No,No,4,4.9,Dark Green,Excellent,182
6114338,Flat Iron,215,London,"17 Beak Street, Soho, London W1F 9RW","Beak Street, Soho","Beak Street, Soho, London",-0.138343,51.512069,Steak,35,Pounds(ï¿½ï¿½),No,No,No,No,2,4.9,Dark Green,Excellent,309
17375072,Atlanta Highway Seafood Market,216,Gainesville,"227 Atlanta Highway Suite 900, Gainesville, GA 30501",Gainesville,"Gainesville, Gainesville",-83.838457,34.285102,"Sandwich, Seafood, Cajun",25,Dollar($),No,No,No,No,2,4.9,Dark Green,Excellent,681
17500759,Ingleside Village Pizza,216,Macon,"2395 Ingleside Ave, Macon, GA 31204",Macon,"Macon, Macon",-83.657061,32.853896,"Pizza, Sandwich",10,Dollar($),No,No,No,No,1,4.9,Dark Green,Excellent,478
17259395,The Cafe,216,Des Moines,"2616 Northridge Pkwy, Ames, IA 50010",Ames,"Ames, Des Moines",-93.643094,42.048779,"American, Coffee and Tea",25,Dollar($),No,No,No,No,2,4.9,Dark Green,Excellent,570
6127163,Bao,215,London,"53 Lexington Street, Soho, London W1F 9AS","Lexington Street, Soho","Lexington Street, Soho, London",-0.136576,51.513225,"Taiwanese, Street Food",20,Pounds(ï¿½ï¿½),No,No,No,No,2,4.9,Dark Green,Excellent,161
17294607,Rae's Coastal Cafe,216,Augusta,"3208 W Wimbledon Dr, Augusta, GA 30909",Augusta,"Augusta, Augusta",-82.0698,33.4791,"American, Caribbean, Seafood",40,Dollar($),No,No,No,No,3,4.9,Dark Green,Excellent,548
17316744,Shorts Burger and Shine,216,Cedar Rapids/Iowa City,"18 S Clinton St, Iowa City, IA 52240",Iowa City,"Iowa City, Cedar Rapids/Iowa City",-91.534424,41.660982,Burger,10,Dollar($),No,No,No,No,1,4.9,Dark Green,Excellent,820
6114829,Duck & Waffle,215,London,"Heron Tower, 110 Bishopsgate, City of London, London EC2N 4AY","Bishopsgate, City Of London","Bishopsgate, City Of London, London",-0.080963,51.516284,British,55,Pounds(ï¿½ï¿½),No,No,No,No,3,4.9,Dark Green,Excellent,706
17061296,Pom Pom's Teahouse and Sandwicheria,216,Orlando,"67 North Bumby Avenue, Orlando, FL 32803",The Milk District,"The Milk District, Orlando",-81.351467,28.543571,"American, Sandwich, Tea",25,Dollar($),No,No,No,No,2,4.9,Dark Green,Excellent,1457
2004,Indian Accent - The Manor,1,New Delhi,"The Manor, 77, Friends Colony, New Delhi",Friends Colony,"Friends Colony, New Delhi",77.257106,28.570142,Modern Indian,4000,Indian Rupees(Rs.),No,No,No,No,4,4.9,Dark Green,Excellent,1934
17806994,Mirchi And Mime,1,Mumbai,"Transocean House, Lake Boulevard, Hiranandani Business Park, Powai, Mumbai",Powai,"Powai, Mumbai",72.90738534,19.12008268,"North Indian, South Indian, Mughlai",1500,Indian Rupees(Rs.),No,No,No,No,3,4.9,Dark Green,Excellent,3244
3300958,Barbeque Nation,1,Nagpur,"2nd Floor, Eternity Mall, Amravati Road, Sitabuldi, Nagpur",Sitabuldi,"Sitabuldi, Nagpur",79.080247,21.143272,"North Indian, European, Mediterranean",1600,Indian Rupees(Rs.),No,No,No,No,4,4.9,Dark Green,Excellent,226
310143,Naturals Ice Cream,1,New Delhi,"L-8, Outer Circle, Connaught Place, New Delhi",Connaught Place,"Connaught Place, New Delhi",77.2221482,28.6343484,Ice Cream,150,Indian Rupees(Rs.),No,Yes,No,No,1,4.9,Dark Green,Excellent,2620
2800856,Barbeque Nation,1,Vizag,"1st Floor, ATR Towers, Harbour Park Road,  Panduranga Puram, Near Harbour Park, Kirlampudi Layout, Vizag",Kirlampudi Layout,"Kirlampudi Layout, Vizag",0.0,0.0,"North Indian, Chinese, Mediterranean",1600,Indian Rupees(Rs.),No,No,No,No,4,4.9,Dark Green,Excellent,345
17580142,McGuire's Irish Pub & Brewery,216,Pensacola,"600 E Gregory Street, Pensacola, FL 32502",Pensacola,"Pensacola, Pensacola",-87.2027,30.4179,"Burger, Bar Food, Steak",40,Dollar($),No,No,No,No,3,4.9,Dark Green,Excellent,2238
7417455,Talaga Sampireun,94,Jakarta,"Taman Impian Jaya Ancol, Jl. Lapangan Golf 7, Ancol, Jakarta","Taman Impian Jaya Ancol, Ancol","Taman Impian Jaya Ancol, Ancol, Jakarta",106.8335532,-6.12685982,"Sunda, Indonesian",200000,Indonesian Rupiah(IDR),No,No,No,No,3,4.9,Dark Green,Excellent,1640
7420899,Sushi Masa,94,Jakarta,"Jl. Tuna Raya No. 5, Penjaringan",Penjaringan,"Penjaringan, Jakarta",106.800144,-6.101298,"Sushi, Japanese",500000,Indonesian Rupiah(IDR),No,No,No,No,3,4.9,Dark Green,Excellent,605
7422633,Talaga Sampireun,94,Jakarta,Jl. Lingkar Luar Barat,Cengkareng,"Cengkareng, Jakarta",106.7285083,-6.168466667,"Sunda, Indonesian",200000,Indonesian Rupiah(IDR),No,No,No,No,3,4.9,Dark Green,Excellent,1662
7417450,Talaga Sampireun,94,Tangerang,"Jl. Boulevard Bintaro Jaya Blok B7/N1, Bintaro Sektor 7, Pondok Aren, Tangerang",Pondok Aren,"Pondok Aren, Tangerang",106.7261194,-6.269913889,"Sunda, Indonesian",200000,Indonesian Rupiah(IDR),No,No,No,No,3,4.9,Dark Green,Excellent,2212
7001086,Milse,148,Auckland,"The Pavilions, 27 Tyler Street, Britomart, Auckland CBD, Auckland 1010",Britomart,"Britomart, Auckland",174.7686903,-36.84418841,Desserts,50,NewZealand($),No,No,No,No,3,4.9,Dark Green,Excellent,754
18217279,Miann,148,Auckland,"57 Fort Street, Auckland Auckland CBD",Fort Street,"Fort Street, Auckland",174.768986,-36.84604966,Desserts,25,NewZealand($),No,No,No,No,1,4.9,Dark Green,Excellent,281
17334212,Oakwood Cafe,216,Dalton,"201 West Cuyler Street, Dalton, GA 30720",Dalton,"Dalton, Dalton",-84.969393,34.769686,"BBQ, Breakfast, Southern",10,Dollar($),No,No,No,No,1,4.9,Dark Green,Excellent,249
17335156,Tantra Asian Bistro,216,Davenport,"589 East 53rd St, Davenport, IA 52807",Davenport,"Davenport, Davenport",-90.565837,41.574459,Asian,25,Dollar($),No,No,No,No,2,4.9,Dark Green,Excellent,474
18345728,Masala Library,1,New Delhi,"21 A, Janpath, New Delhi",Janpath,"Janpath, New Delhi",77.2186451,28.6182446,Modern Indian,5000,Indian Rupees(Rs.),No,No,No,No,4,4.9,Dark Green,Excellent,408
17061205,Yellow Dog Eats,216,Orlando,"1236 Hempel Avenue,Gotha, FL 34786",Windermere,"Windermere, Orlando",-81.522987,28.527592,"American, BBQ, Sandwich",35,Dollar($),No,No,No,No,3,4.9,Dark Green,Excellent,1252
18269368,AB's Absolute Barbecues,214,Dubai,"Mezzanaine Floor, Centurion Star Tower, Deira City Centre Area, Dubai",Deira City Centre Area,"Deira City Centre Area, Dubai",55.32874,25.254105,"Continental, Indian",160,Emirati Diram(AED),Yes,No,No,No,3,4.9,Dark Green,Excellent,641
17095236,Mr. Dunderbak's Biergarten and Marketplatz,216,Tampa Bay,"14929 Bruce B Downs Blvd, Tampa, FL 33612",New Tampa,"New Tampa, Tampa Bay",-82.41294,28.082909,"European, German",40,Dollar($),No,No,No,No,3,4.9,Dark Green,Excellent,1413
18384115,Caterspoint,1,Gurgaon,"S-27/11, DLF Phase 3, Gurgaon",DLF Phase 3,"DLF Phase 3, Gurgaon",77.1039737,28.4872636,"Mexican, American, Healthy Food",500,Indian Rupees(Rs.),No,Yes,No,No,2,4.9,Dark Green,Excellent,223
18384227,AB's - Absolute Barbecues,1,Chennai,"Velachery Tharamani Link Road, Opposite TCS, Velachery, Chennai",Velachery,"Velachery, Chennai",80.231598,12.981615,"North Indian, European, Mediterranean",1600,Indian Rupees(Rs.),No,No,No,No,3,4.9,Dark Green,Excellent,859
2600109,Sagar Gaire Fast Food,1,Bhopal,"10, Number Market, Arera Colony, Bhopal",Arera Colony,"Arera Colony, Bhopal",77.435361,23.214294,Fast Food,250,Indian Rupees(Rs.),No,No,No,No,1,4.9,Dark Green,Excellent,427
18254160,Carnival By Tresind,214,Dubai,"Podium Level, Burj Daman, DIFC, Dubai",DIFC,"DIFC, Dubai",55.281966,25.211183,Indian,500,Emirati Diram(AED),Yes,No,No,No,4,4.9,Dark Green,Excellent,322
7300515,Garota de Ipanema,30,Rio de Janeiro,"Rua Vinicius de Moraes, 49, Ipanema, Rio de Janeiro",Ipanema,"Ipanema, Rio de Janeiro",-43.203,-22.98533333,"Brazilian, Bar Food",120,Brazilian Real(R$),No,No,No,No,4,4.9,Dark Green,Excellent,49
75989,Restaurant Mosaic @ The Orient,189,Pretoria,"The Orient Boutique Hotel, Crocodile River Valley, Elandsfontein, Near West Park, Pretoria",West Park,"West Park, Pretoria",27.999097,-25.761238,French,3210,Rand(R),No,No,No,No,4,4.9,Dark Green,Excellent,85
6600427,Coco Bambu,30,Brasï¿½_lia,"SCES, Trecho 2, Conjunto 13/36, Setor de Clubes Esportivos Sul, Brasï¿½_lia",Setor De Clubes Esportivos Sul,"Setor De Clubes Esportivos Sul, Brasï¿½_lia",-47.8685,-15.819,International,230,Brazilian Real(R$),No,No,No,No,4,4.9,Dark Green,Excellent,30
7300955,Braseiro da Gï¿½ï¿½vea,30,Rio de Janeiro,"Praï¿½_a Santos Dumont, 116, Gï¿½ï¿½vea, Rio de Janeiro",Gï¿½ï¿½vea,"Gï¿½ï¿½vea, Rio de Janeiro",-43.227042,-22.973507,"Brazilian, Bar Food",100,Brazilian Real(R$),No,No,No,No,4,4.9,Dark Green,Excellent,40
6004011,Gaga Manjero,208,Ankara,"Gazi Osman Paï¿½ï¿½a Mahallesi, Filistin Caddesi, No 21, ï¿½ankaya, Ankara",Gazi Osman Paï¿½ï¿½a,"Gazi Osman Paï¿½ï¿½a, Ankara",32.8698,39.89823889,World Cuisine,80,Turkish Lira(TL),No,No,No,No,3,4.9,Dark Green,Excellent,95
5800176,Ministry of Crab,191,Colombo,"Old Colombo Dutch Hospital, Fort, Colombo 01","Old Dutch Hospital, Fort","Old Dutch Hospital, Fort, Colombo",79.84423889,6.932813889,Seafood,4000,Sri Lankan Rupee(LKR),No,No,No,No,4,4.9,Dark Green,Excellent,203
3001321,CakeBee,1,Coimbatore,"6/1, SRP Nagar, Saibaba Colony, Coimbatore",Saibaba Colony,"Saibaba Colony, Coimbatore",76.94465239,11.02611735,"Bakery, Desserts",350,Indian Rupees(Rs.),No,Yes,No,No,2,4.9,Dark Green,Excellent,200
18416632,The Great Indian Pub,1,Dehradun,"138/345, Rajpur Road, Jakhan, Dehradun",Jakhan,"Jakhan, Dehradun",78.06802238,30.36128079,North Indian,1500,Indian Rupees(Rs.),No,No,No,No,4,4.9,Dark Green,Excellent,50
3400346,Sheroes Hangout,1,Agra,"Opposite The Gateway Hotel, Fatehabad Road, Tajganj, Agra",Tajganj,"Tajganj, Agra",78.040165,27.16185,"Cafe, North Indian, Chinese",0,Indian Rupees(Rs.),No,No,No,No,1,4.9,Dark Green,Excellent,77
208850,Tresind - Nassima Royal Hotel,214,Dubai,"Level 2, Nassima Royal Hotel, Sheikh Zayad Road, Trade Centre Area, Dubai","Nassima Royal Hotel, Trade Centre Area","Nassima Royal Hotel, Trade Centre Area, Dubai",55.28256778,25.22347744,Indian,500,Emirati Diram(AED),Yes,No,No,No,4,4.9,Dark Green,Excellent,1352
18209498,Zolocrust - Hotel Clarks Amer,1,Jaipur,"Hotel Clarks Amer, Jawaharlal Nehru Marg, Near Malviya Nagar, Malviya Nagar, Jaipur","Hotel Clarks Amer, Malviya Nagar","Hotel Clarks Amer, Malviya Nagar, Jaipur",75.8023,26.84615556,"Italian, Bakery, Continental",2000,Indian Rupees(Rs.),No,Yes,No,No,4,4.9,Dark Green,Excellent,322
5703500,Punjab Grill,214,Abu Dhabi,"Venetian Village, Ritz Carlton Abu Dhabi, Grand Canal, Al Maqtaa, Abu Dhabi","Venetian Village, Al Maqtaa","Venetian Village, Al Maqtaa, Abu Dhabi",54.4872137,24.4106148,"Indian, North Indian",330,Emirati Diram(AED),Yes,No,No,No,4,4.9,Dark Green,Excellent,216
20842,Barbeque Nation,1,Kolkata,"K1, RDB Boulevard, Block EP & GP, Sector 5, Salt Lake","Sector 5, Salt Lake","Sector 5, Salt Lake, Kolkata",88.43345214,22.56935843,"North Indian, Chinese",1600,Indian Rupees(Rs.),No,No,No,No,3,4.9,Dark Green,Excellent,5966
2100702,Barbeque Nation,1,Guwahati,"2nd Floor, Adityam Building, Ulubari, Guwahati",Ulubari,"Ulubari, Guwahati",91.759857,26.172119,North Indian,1500,Indian Rupees(Rs.),No,No,No,No,4,4.9,Dark Green,Excellent,774
18452864,AB's - Absolute Barbecues,1,Hyderabad,"No. 8-2-618/10-11,2nd Floor, Krishe Amethyst, Road No.1, Banjara Hills, Hyderabad",Banjara Hills,"Banjara Hills, Hyderabad",78.44965395,17.41233045,"European, Mediterranean, North Indian",1500,Indian Rupees(Rs.),No,No,No,No,3,4.9,Dark Green,Excellent,200
94286,AB's - Absolute Barbecues,1,Hyderabad,"Plot 483, 4th Floor, Pemmasani Complex, Bajaj Electronics Building, Near Madhapur Police Station, Road 36, Jubilee Hills, Hyderabad",Jubilee Hills,"Jubilee Hills, Hyderabad",78.3978647,17.4382631,"European, Mediterranean, North Indian",1500,Indian Rupees(Rs.),No,No,No,No,3,4.9,Dark Green,Excellent,5434
17095098,Mazzaro's Italian Market,216,Tampa Bay,"2909 22nd Ave N, St Petersburg, FL 33713",Kenwood,"Kenwood, Tampa Bay",-82.673621,27.792047,"Italian, Deli",10,Dollar($),No,No,No,No,1,4.9,Dark Green,Excellent,1424
25570,Barbeque Nation,1,Kolkata,"24, 1st Floor, Park Center Building, Park Street Area, Kolkata",Park Street Area,"Park Street Area, Kolkata",88.35412715,22.55108374,"North Indian, Chinese",1600,Indian Rupees(Rs.),No,No,No,No,3,4.9,Dark Green,Excellent,1753
17145495,Marukame Udon,216,Rest of Hawaii,"2310 Kuhio Avenue, Honolulu, HI 96815",Waikiki,"Waikiki, Rest of Hawaii",-157.825979,21.279476,Japanese,10,Dollar($),No,No,No,No,1,4.9,Dark Green,Excellent,602
17142792,Mama's Fish House,216,Rest of Hawaii,"799 Poho Pl, Paia, HI 96779",Paia,"Paia, Rest of Hawaii",-156.366445,20.929622,"Hawaiian, Seafood",70,Dollar($),No,No,No,No,4,4.9,Dark Green,Excellent,1343
800468,Grandson of Tunday Kababi,1,Lucknow,"Naaz Cinema Road, Aminabad, Lucknow",Aminabad,"Aminabad, Lucknow",80.92743056,26.84850556,"Mughlai, Lucknowi",300,Indian Rupees(Rs.),No,No,No,No,1,4.9,Dark Green,Excellent,1057
13231,Le Plaisir,1,Pune,"759/125, Rajkamal, Opposite Kelkar Eye Hospital, Prabhat Road, Deccan Gymkhana, Pune",Deccan Gymkhana,"Deccan Gymkhana, Pune",73.83842938,18.51420998,"European, Desserts",1000,Indian Rupees(Rs.),No,No,No,No,3,4.8,Dark Green,Excellent,2510
18445790,Kopper Kadai,1,New Delhi,"J2/6B, 1st & 2nd Floor, B.K. Dutta Market, Rajouri Garden, New Delhi",Rajouri Garden,"Rajouri Garden, New Delhi",77.1195466,28.6476272,North Indian,1400,Indian Rupees(Rs.),No,No,No,No,3,4.8,Dark Green,Excellent,83
7000095,Depot Eatery and Oyster Bar,148,Auckland,"86 Federal Street, Auckland CBD, Auckland, 1010",Federal Street,"Federal Street, Auckland",174.762527,-36.848988,"Seafood, Kiwi",90,NewZealand($),No,No,No,No,4,4.8,Dark Green,Excellent,598
7304307,Confeitaria Colombo,30,Rio de Janeiro,"Rua Gonï¿½_alves Dias, 32, Centro, Rio de Janeiro",Centro,"Centro, Rio de Janeiro",-43.178826,-22.905293,"Desserts, Cafe",100,Brazilian Real(R$),No,No,No,No,4,4.8,Dark Green,Excellent,29
7300704,TT Burger,30,Rio de Janeiro,"Galeria River, Rua Francisco Otaviano, 67, Copacabana, Rio de Janeiro","Galeria River, Copacabana","Galeria River, Copacabana, Rio de Janeiro",-43.191,-22.98683333,Burger,60,Brazilian Real(R$),No,No,No,No,3,4.8,Dark Green,Excellent,19
6700475,Skye - Hotel Unique,30,Sï¿½ï¿½o Paulo,"Hotel Unique, Avenida Brigadeiro Luï¿½_s Antï¿½ï¿½nio, 4700, Jardim Paulista, Sï¿½ï¿½o Paulo","Hotel Unique, Jardim Paulista","Hotel Unique, Jardim Paulista, Sï¿½ï¿½o Paulo",-46.666851,-23.581688,"Beverages, International",300,Brazilian Real(R$),No,No,No,No,4,4.8,Dark Green,Excellent,59
18204217,Gemelli Cucina Bar,189,Sandton,"13 Posthouse Link Centre, Corner Main & Posthouse Street, Bryanston, Johannesburg Sandton, Bryanston, Sandton",Bryanston,"Bryanston, Sandton",28.02302878,-26.05198229,"Contemporary, Italian",450,Rand(R),No,No,No,No,4,4.8,Dark Green,Excellent,542
208939,AB's Absolute Barbecues,214,Dubai,"Shop G05, Sidra Tower, Near GEMS Wellington School, Exit 36, Sheikh Zayed Road, Dubai Media City, Dubai",Dubai Media City,"Dubai Media City, Dubai",55.17874617,25.10777315,"Indian, Continental",160,Emirati Diram(AED),Yes,No,No,No,3,4.8,Dark Green,Excellent,2510
5602055,Rajasthan Al Malaki,214,Sharjah,"Behind DPS Sharjah Primary School, Muwailih Commercial, Sharjah",Muwailih Commercial,"Muwailih Commercial, Sharjah",55.45195531,25.2887722,"Indian, North Indian",60,Emirati Diram(AED),No,No,No,No,3,4.8,Dark Green,Excellent,459
130275,Burger Factory,1,Goa,"Anjuna Main Road, Opposite Paradise Guest House, Anjuna, Goa",Anjuna,"Anjuna, Goa",73.74360556,15.58565833,Fast Food,1100,Indian Rupees(Rs.),No,No,No,No,4,4.8,Dark Green,Excellent,415
73088,Chili's,1,Chennai,"49 & 50 L, Express Avenue Mall, White's Road, Royapettah, Chennai","Express Avenue Mall,  Royapettah","Express Avenue Mall,  Royapettah, Chennai",80.264151,13.058616,"Mexican, American, Tex-Mex, Burger",1700,Indian Rupees(Rs.),Yes,Yes,No,No,3,4.8,Dark Green,Excellent,1262
18365987,Matchbox,1,Gurgaon,"30, Ground Floor, Sector 29, Gurgaon",Sector 29,"Sector 29, Gurgaon",77.0626075,28.4682268,"Continental, North Indian, Chinese",1500,Indian Rupees(Rs.),Yes,No,No,No,3,4.8,Dark Green,Excellent,245
6102866,Hakkasan,215,London,"17 Bruton Street, Mayfair, London W1J 6QB",Mayfair,Mayfair,-0.144861,51.510342,"Chinese, Dim Sum",120,Pounds(ï¿½ï¿½),Yes,No,No,No,4,4.8,Dark Green,Excellent,395
6318433,Silantro Fil-Mex,162,Quezon City,"Second Floor, UP Town Center, Katipunan Avenue, Diliman, Quezon City","UP Town Center, Diliman, Quezon City","UP Town Center, Diliman, Quezon City, Quezon City",121.075419,14.649503,"Filipino, Mexican",800,Botswana Pula(P),No,No,No,No,3,4.8,Dark Green,Excellent,294
18337894,Prankster,1,Gurgaon,"Site 8-10, Sector 29, Gurgaon",Sector 29,"Sector 29, Gurgaon",77.0633573,28.4691662,"Modern Indian, North Indian",1500,Indian Rupees(Rs.),Yes,No,No,No,3,4.8,Dark Green,Excellent,1478
51705,Toit,1,Bangalore,"298, Namma Metro Pillar 62, 100 Feet Road, Indiranagar, Bangalore",Indiranagar,"Indiranagar, Bangalore",77.64070876,12.9791658,"Italian, American, Pizza",2000,Indian Rupees(Rs.),No,No,No,No,4,4.8,Dark Green,Excellent,10934
96776,Conï¿½_u,1,Hyderabad,"479/B, Road 21, Jubilee Hills, Hyderabad",Jubilee Hills,"Jubilee Hills, Hyderabad",78.40832144,17.43166813,"Bakery, Desserts",600,Indian Rupees(Rs.),No,No,No,No,2,4.8,Dark Green,Excellent,1023
17100307,Ella's Americana Folk Art Cafe,216,Tampa Bay,"5119 N Nebraska Ave, Tampa, FL 33603",Seminole Heights,"Seminole Heights, Tampa Bay",-82.451041,27.993645,"International, Italian, Southern",40,Dollar($),No,No,No,No,3,4.8,Dark Green,Excellent,1715
18017612,Spice Kraft,1,Kolkata,"54/1/2A, Hazra Road, Ballygunge Phari, Near Hazra Law College, Ballygunge, Kolkata",Ballygunge,"Ballygunge, Kolkata",88.3644527,22.5264613,"Continental, Middle Eastern, Asian",1200,Indian Rupees(Rs.),No,No,No,No,3,4.8,Dark Green,Excellent,1424
17059012,Hollerbach's Willow Tree Cafï¿½ï¿½,216,Orlando,"205 East 1st Street, Sanford, FL 32771",Sanford,"Sanford, Orlando",-81.266871,28.811653,German,40,Dollar($),No,No,No,No,3,4.8,Dark Green,Excellent,1699
6317637,Le Petit Souffle,162,Makati City,"Third Floor, Century City Mall, Kalayaan Avenue, Poblacion, Makati City","Century City Mall, Poblacion, Makati City","Century City Mall, Poblacion, Makati City, Makati City",121.027535,14.565443,"French, Japanese, Desserts",1100,Botswana Pula(P),Yes,No,No,No,3,4.8,Dark Green,Excellent,314
6314987,Locavore,162,Pasig City,"Brixton Technology Center, 10 Brixton Street, Kapitolyo, Pasig City",Kapitolyo,"Kapitolyo, Pasig City",121.056532,14.572041,Filipino,1100,Botswana Pula(P),Yes,No,No,No,3,4.8,Dark Green,Excellent,532
17259243,Miyabi 9,216,Des Moines,"512 E Grand Ave, Des Moines, IA 50309",East Village,"East Village, Des Moines",-93.611366,41.590819,"Japanese, Sushi",25,Dollar($),No,No,No,No,2,4.8,Dark Green,Excellent,860
6314302,Sambo Kojin,162,Mandaluyong City,"Third Floor, Mega Atrium, SM Megamall, Ortigas, Mandaluyong City","SM Megamall, Ortigas, Mandaluyong City","SM Megamall, Ortigas, Mandaluyong City, Mandaluyong City",121.057508,14.58445,"Japanese, Korean",1500,Botswana Pula(P),Yes,No,No,No,4,4.8,Dark Green,Excellent,229
6403544,Jarryds,189,Cape Town,"90 Regent Road, Sea Point, Cape Town",Sea Point,"Sea Point, Cape Town",18.381997,-33.921453,"Cafe, Burger",230,Rand(R),No,No,No,No,3,4.8,Dark Green,Excellent,319
6103211,Dishoom,215,London,"12 Upper St Martin's Lane, Covent Garden, London WC2H 9FB","Upper St Martin's Lane, Covent Garden","Upper St Martin's Lane, Covent Garden, London",-0.127164,51.512417,"Indian, North Indian, Curry, Cafe",35,Pounds(ï¿½ï¿½),No,No,No,No,2,4.7,Dark Green,Excellent,964
5915547,Karakï¿½_y Gï¿½_llï¿½_oï¿½ï¿½lu,208,ï¿½ï¿½stanbul,"Kemankeï¿½ï¿½ Karamustafa Paï¿½ï¿½a Mahallesi, RÛ±htÛ±m Caddesi, KatlÛ± Otopark AltÛ±, No 4, Beyoï¿½ï¿½lu, ï¿½ï¿½stanbul",Karakï¿½_y,"Karakï¿½_y, ï¿½ï¿½stanbul",28.97763569,41.02290443,"Desserts, Bï¿½_rek",40,Turkish Lira(TL),No,No,No,No,2,4.7,Dark Green,Excellent,1305
18295472,Gymkhana,166,Doha,"Ground Floor, Al Jomrok Boutique Hotel, Souq Waqif, Doha",Souq Waqif,"Souq Waqif, Doha",51.5333165,25.2894111,Indian,250,Qatari Rial(QR),Yes,No,No,No,4,4.7,Dark Green,Excellent,114
7001670,Eight - The Langham Hotel,148,Auckland,"The Langham Hotel, 83 Symonds Street, Grafton, Auckland","The Langham Hotel, Auckland CBD","The Langham Hotel, Auckland CBD, Auckland",174.764078,-36.857474,European,190,NewZealand($),No,No,No,No,4,4.7,Dark Green,Excellent,412
17580511,Original Georgios Authentic Greek Food,216,Pensacola,"13310 Merilla Street, Pensacola, FL 32507",Perdido Key,"Perdido Key, Pensacola",-87.4218962,30.3199824,Greek,10,Dollar($),No,No,No,No,1,4.7,Dark Green,Excellent,816
17316603,Zoeys Pizzeria,216,Cedar Rapids/Iowa City,"690 10th St, Marion, IA 52302",Marion,"Marion, Cedar Rapids/Iowa City",-91.5995,42.0331,"Pizza, Sandwich",25,Dollar($),No,No,No,No,2,4.7,Dark Green,Excellent,433
6103902,Yauatcha,215,London,"15-17 Broadwick Street, Soho, London W1F 0DL","Broadwick Street, Soho","Broadwick Street, Soho, London",-0.135229,51.513739,"Chinese, Dim Sum",90,Pounds(ï¿½ï¿½),Yes,No,No,No,4,4.7,Dark Green,Excellent,1326
6113680,Restaurant Gordon Ramsay,215,London,"68 Royal Hospital Road, Chelsea, London SW3 4HP",Chelsea,Chelsea,-0.162092,51.485509,French,230,Pounds(ï¿½ï¿½),No,No,No,No,4,4.7,Dark Green,Excellent,320
7601577,Roseleaf Bar Cafe,215,Edinburgh,"23-24 Sandport Place, Leith, Edinburgh EH6 6EW",Leith,"Leith, Edinburgh",-3.173679,55.976644,"Scottish, Cafe",45,Pounds(ï¿½ï¿½),No,No,No,No,3,4.7,Dark Green,Excellent,163
6118140,Gymkhana,215,London,"42 Albemarle Street, Mayfair, London W1S 4JH","Albemarle Street, Mayfair","Albemarle Street, Mayfair, London",-0.141645,51.508515,"Indian, Pakistani, Curry",80,Pounds(ï¿½ï¿½),Yes,No,No,No,4,4.7,Dark Green,Excellent,214
18075122,The Fusion Kitchen,1,Mumbai,"Shop 1, Opposite Veda Building, Near Bhavdevi Garage, Holy Cross Road, IC colony, Borivali West, Mumbai",Borivali West,"Borivali West, Mumbai",72.848923,19.254567,"North Indian, Italian, Chinese, Mexican",1000,Indian Rupees(Rs.),Yes,Yes,No,No,3,4.7,Dark Green,Excellent,2083
18418277,MOB Brewpub,1,New Delhi,"M 44, Outer Circle, Connaught Place, New Delhi",Connaught Place,"Connaught Place, New Delhi",77.2226422,28.6332756,"Continental, Italian, Asian, Indian",1500,Indian Rupees(Rs.),No,No,No,No,3,4.7,Dark Green,Excellent,52
18357940,Zabardast Indian Kitchen,1,New Delhi,"E-13/29, Ground Floor, Middle Circle, Connaught Place, New Delhi",Connaught Place,"Connaught Place, New Delhi",77.22217988,28.63259937,North Indian,1800,Indian Rupees(Rs.),Yes,Yes,No,No,3,4.7,Dark Green,Excellent,242
313368,Naturals Ice Cream,1,New Delhi,"J-2/10, BK Dutt Market, Rajouri Garden, New Delhi",Rajouri Garden,"Rajouri Garden, New Delhi",77.1195942,28.647233,Ice Cream,150,Indian Rupees(Rs.),No,Yes,No,No,1,4.7,Dark Green,Excellent,474
17058534,Earl of Sandwich,216,Orlando,"1750 E Buena Vista Drive, Lake Buena Vista, FL 32830",Disney: Downtown Disney,"Disney: Downtown Disney, Orlando",-81.514608,28.372858,"American, Sandwich, Salad",35,Dollar($),No,No,No,No,3,4.7,Dark Green,Excellent,1341
18429148,Pa Pa Ya,1,New Delhi,"Dome, Level 4, Select Citywalk, A-3, District Centre, Saket, New Delhi","Select Citywalk Mall, Saket","Select Citywalk Mall, Saket, New Delhi",77.21869837,28.52845641,"Asian, Chinese, Thai, Japanese",2000,Indian Rupees(Rs.),No,No,No,No,4,4.7,Dark Green,Excellent,268
18237321,Echoes Satyaniketan,1,New Delhi,"17, 1st Floor, Opposite Sri Venkateshwara College, Satyaniketan, New Delhi",Satyaniketan,"Satyaniketan, New Delhi",77.1671645,28.5876087,"Cafe, Continental, Italian, Mexican, Chinese, American",600,Indian Rupees(Rs.),No,No,No,No,2,4.7,Dark Green,Excellent,1563
17064031,Tibby's New Orleans Kitchen,216,Orlando,"2203 Aloma Avenue, Winter Park, FL 32792",Winter Park,"Winter Park, Orlando",-81.322631,28.601088,Cajun,25,Dollar($),No,No,No,No,2,4.7,Dark Green,Excellent,1412
7000162,Giapo,148,Auckland,"12 Gore Street, Auckland CBD, Auckland",Britomart,"Britomart, Auckland",174.768851,-36.845553,"Ice Cream, Desserts",20,NewZealand($),No,No,No,No,1,4.7,Dark Green,Excellent,617
800089,Barbeque Nation,1,Lucknow,"3rd Floor, Riverside Mall, Vipin Khand, Gomti Nagar, Lucknow","Riverside Mall, Gomti Nagar","Riverside Mall, Gomti Nagar, Lucknow",80.973185,26.853007,North Indian,1600,Indian Rupees(Rs.),No,No,No,No,4,4.7,Dark Green,Excellent,1069
17142698,Leonard's Bakery,216,Rest of Hawaii,"933 Kapahulu Ave, Honolulu, HI 96816",Kaimuki,"Kaimuki, Rest of Hawaii",-157.813432,21.284586,,10,Dollar($),No,No,No,No,1,4.7,Dark Green,Excellent,707
17092293,Bern's Steak House,216,Tampa Bay,"1208 S Howard Ave, Tampa, FL 33606",Hyde Park,"Hyde Park, Tampa Bay",-82.482962,27.931516,"American, Desserts, Steak",70,Dollar($),No,No,No,No,4,4.7,Dark Green,Excellent,3157
17616487,Green Truck Pub,216,Savannah,"2430 Habersham Street, Savannah, GA 31401",Savannah,"Savannah, Savannah",-81.096647,32.052858,Burger,40,Dollar($),No,No,No,No,3,4.7,Dark Green,Excellent,906
17143970,Kona Brewing Company,216,Rest of Hawaii,"75-5629 Kuakini Highway, Kailua Kona, HI 96740",Kailua Kona,"Kailua Kona, Rest of Hawaii",-155.997362,19.642752,"American, Pizza, Bar Food",35,Dollar($),No,No,No,No,3,4.7,Dark Green,Excellent,764
18307251,Churrolto,1,Hyderabad,"Ground Floor, Shop 3, Opposite IndusInd Bank, Madhapur Main Road, Madhapur, Hyderabad",Madhapur,"Madhapur, Hyderabad",78.393391,17.440827,"Desserts, Cafe, Mexican",500,Indian Rupees(Rs.),No,No,No,No,2,4.7,Dark Green,Excellent,344
18253896,Tamba,214,Abu Dhabi,"6th Floor, World Trade Centre Mall, Al Markaziya, Abu Dhabi","World Trade Center Mall, Al Markaziya","World Trade Center Mall, Al Markaziya, Abu Dhabi",54.358147,24.488161,Indian,500,Emirati Diram(AED),Yes,No,No,No,4,4.7,Dark Green,Excellent,201
58268,The Fatty Bao - Asian Gastro Bar,1,Bangalore,"610, 3rd Floor, 12th Main, Off 80 Feet Road, Indiranagar, Bangalore",Indiranagar,"Indiranagar, Bangalore",77.64539558,12.97022064,Asian,2400,Indian Rupees(Rs.),Yes,Yes,No,No,4,4.7,Dark Green,Excellent,2369
18418247,feel ALIVE,1,Gurgaon,"SCO 53, 2nd Floor, Main Market, Sector 29, Gurgaon",Sector 29,"Sector 29, Gurgaon",77.0641366,28.4679257,"North Indian, American, Asian, Biryani",1200,Indian Rupees(Rs.),Yes,No,No,No,3,4.7,Dark Green,Excellent,69
18384506,The Basement Cafï¿½ï¿½,1,Guwahati,"R.G. Baruah Road, Near Guwahati Commerece College, Chandmari, Guwahati",Chandmari,"Chandmari, Guwahati",91.77524608,26.1802428,Cafe,600,Indian Rupees(Rs.),No,No,No,No,2,4.7,Dark Green,Excellent,126
97824,Chili's,1,Hyderabad,"Flat 48, Ground Floor, Opposite Vengal Rao Park, Road 1, Banjara Hills, Hyderabad",Banjara Hills,"Banjara Hills, Hyderabad",78.44957784,17.42281912,"Mexican, American, Tex-Mex, Burger",1800,Indian Rupees(Rs.),Yes,Yes,No,No,3,4.7,Dark Green,Excellent,1932
17099856,Datz,216,Tampa Bay,"2616 S Macdill Avenue, Tampa, FL 33629",Palma Ceia,"Palma Ceia, Tampa Bay",-82.4932815,27.9219315,"Desserts, Bar Food",40,Dollar($),No,No,No,No,3,4.7,Dark Green,Excellent,3074
101212,Tapri Central,1,Jaipur,"B4 E, 3rd Floor, Surana Jewellers, Opposite Central Park, C Scheme, Jaipur",C Scheme,"C Scheme, Jaipur",75.81075322,26.90518991,"Cafe, Fast Food, Street Food",750,Indian Rupees(Rs.),No,Yes,No,No,2,4.7,Dark Green,Excellent,1469
201340,The Cheesecake Factory,214,Dubai,"Ground Level, Near Aquarium, The Dubai Mall, Downtown Dubai, Dubai","The Dubai Mall,Downtown Dubai","The Dubai Mall,Downtown Dubai, Dubai",55.27856994,25.19726756,"American, Desserts",270,Emirati Diram(AED),No,No,No,No,3,4.7,Dark Green,Excellent,2424
130888,The Black Sheep Bistro,1,Goa,"Swami Vivekanand Road, Near ICICI Bank, Panaji, Goa",Panaji,"Panaji, Goa",73.825364,15.496162,"Seafood, Continental, European, German",1500,Indian Rupees(Rs.),No,No,No,No,4,4.7,Dark Green,Excellent,681
18439634,ECHOES Koramangala,1,Bangalore,"44, 4th B Cross, Koramangala 5th Block, Bangalore",Koramangala 5th Block,"Koramangala 5th Block, Bangalore",77.615797,12.934179,"Continental, American, Italian, North Indian, Chinese, Cafe",950,Indian Rupees(Rs.),No,No,No,No,2,4.7,Dark Green,Excellent,276
51040,Truffles,1,Bangalore,"28, 4th 'B' Cross, Koramangala 5th Block, Bangalore",Koramangala 5th Block,"Koramangala 5th Block, Bangalore",77.61429269,12.93329764,"American, Burger, Cafe",800,Indian Rupees(Rs.),No,Yes,No,No,2,4.7,Dark Green,Excellent,9667
6004813,Pizza ï¿½ï¿½l Forno,208,Ankara,"YÛ±ldÛ±zevler Mahallesi, 720. Sokak, No 2/B, ï¿½ankaya, Ankara",YÛ±ldÛ±zevler,"YÛ±ldÛ±zevler, Ankara",32.86021667,39.87623889,Pizza,40,Turkish Lira(TL),No,No,No,No,2,4.7,Dark Green,Excellent,104
5904116,J'adore Chocolatier,208,ï¿½ï¿½stanbul,"AsmalÛ±mescit Mahallesi, ï¿½ï¿½stiklal Caddesi, Emir Nevruz Sokak, No 2/H, Beyoï¿½ï¿½lu, ï¿½ï¿½stanbul",AsmalÛ±mescit,"AsmalÛ±mescit, ï¿½ï¿½stanbul",28.97612661,41.03300186,Desserts,50,Turkish Lira(TL),No,No,No,No,2,4.7,Dark Green,Excellent,1311
75027,Kream,189,Pretoria,"570 Fehrsen Street, Brooklyn, Pretoria",Brooklyn,"Brooklyn, Pretoria",28.23604667,-25.77074833,African,450,Rand(R),No,No,No,No,4,4.7,Dark Green,Excellent,373
7302898,Aprazï¿½_vel,30,Rio de Janeiro,"Rua Aprazï¿½_vel, 62, Santa Teresa, Rio de Janeiro",Santa Teresa,"Santa Teresa, Rio de Janeiro",-43.18736944,-22.92481389,Brazilian,300,Brazilian Real(R$),No,No,No,No,4,4.7,Dark Green,Excellent,44
7301215,Bibi,30,Rio de Janeiro,"Rua Santa Clara, 36, Copabana, Rio de Janeiro",Copacabana,"Copacabana, Rio de Janeiro",-43.18669167,-22.97207222,"Juices, Healthy Food",60,Brazilian Real(R$),No,No,No,No,3,4.7,Dark Green,Excellent,24
6315438,NIU by Vikings,162,Taguig City,"Sixth Floor, SM Aura Premier, C5 Road Corner 26th Street, Bonifacio Global City, Taguig City","SM Aura Premier, Bonifacio Global City, Taguig City","SM Aura Premier, Bonifacio Global City, Taguig City, Taguig City",121.053725,14.545858,"Seafood, American, Mediterranean, Japanese",3000,Botswana Pula(P),Yes,No,No,No,4,4.7,Dark Green,Excellent,535
7300521,Balada Mix,30,Rio de Janeiro,"Rua Anï¿½_bal de Mendonï¿½_a, 37, Ipanema, Rio de Janeiro",Ipanema,"Ipanema, Rio de Janeiro",-43.211425,-22.98520833,"Brazilian, Healthy Food, Juices, Pizza",90,Brazilian Real(R$),No,No,No,No,3,4.6,Dark Green,Excellent,21
7300004,Sushi Leblon,30,Rio de Janeiro,"Rua Dias Ferreira, 256, Leblon, Rio de Janeiro",Leblon,"Leblon, Rio de Janeiro",-43.227,-22.98416667,Japanese,250,Brazilian Real(R$),No,No,No,No,4,4.6,Dark Green,Excellent,25
7300483,Zazï¿½ï¿½ Bistrï¿½ï¿½ Tropical,30,Rio de Janeiro,"Rua Joana Angï¿½ï¿½lica, 40, Ipanema, Rio de Janeiro",Ipanema,"Ipanema, Rio de Janeiro",-43.20520833,-22.98531944,Brazilian,170,Brazilian Real(R$),No,No,No,No,4,4.6,Dark Green,Excellent,21
6501141,Licorish Bistro,189,Sandton,"Nicolway Shopping Centre, William Nicol Drive, Bryanston, Sandton","Nicolway Shopping Centre, Bryanston","Nicolway Shopping Centre, Bryanston, Sandton",28.021,-26.05233333,"European, South African",545,Rand(R),No,No,No,No,4,4.6,Dark Green,Excellent,892
7302859,Aconchego Carioca,30,Rio de Janeiro,"Rua Barï¿½ï¿½o de Iguatemi, 379, Tijuca, Rio de Janeiro",Tijuca,"Tijuca, Rio de Janeiro",-43.21551111,-22.91370833,"Brazilian, Bar Food",85,Brazilian Real(R$),No,No,No,No,3,4.6,Dark Green,Excellent,24
6000168,Hattena Hatay  SofrasÛ±,208,Ankara,"Balgat Mahallesi, OsmanlÛ± Caddesi, No 41/A, ï¿½ankaya, Ankara",Balgat,"Balgat, Ankara",32.82121389,39.90597222,Kebab,70,Turkish Lira(TL),No,No,No,No,3,4.6,Dark Green,Excellent,124
18260777,Kuchi n Kream,1,Coimbatore,"353/1, Hotel Landmark Complex, Bharathiaar Road, Gandhipuram, Coimbatore",Gandhipuram,"Gandhipuram, Coimbatore",76.9720757,11.01629845,"Cafe, Continental, Fast Food",800,Indian Rupees(Rs.),No,Yes,No,No,3,4.6,Dark Green,Excellent,202
72604,Coal Barbecues,1,Chennai,"17-18, Rajalakshmi Nagar, 7th Cross Street, 100 Feet Bypass Road, Velachery, Chennai",Velachery,"Velachery, Chennai",80.21811381,12.98604688,"North Indian, Mediterranean, Asian, Arabian",1400,Indian Rupees(Rs.),No,No,No,No,3,4.6,Dark Green,Excellent,1267
70393,Bombay Brasserie,1,Chennai,"3, College Lane, Nungambakkam, Chennai",Nungambakkam,"Nungambakkam, Chennai",80.251865,13.066762,North Indian,1200,Indian Rupees(Rs.),Yes,Yes,No,No,3,4.6,Dark Green,Excellent,1753
56618,AB's - Absolute Barbecues,1,Bangalore,"90/4, 3rd Floor, Outer Ring Road, Munnekollaly Village, Marathahalli, Bangalore",Marathahalli,"Marathahalli, Bangalore",77.6993861,12.94993396,"European, Mediterranean, North Indian",1400,Indian Rupees(Rs.),No,No,No,No,3,4.6,Dark Green,Excellent,6907
18366652,Onesta,1,Bangalore,"215, 216 & 220, Devasandra Village, Kasaba Hobli, New BEL Road, Bangalore",New BEL Road,"New BEL Road, Bangalore",77.5709967,13.0291977,"Pizza, Cafe, Italian",600,Indian Rupees(Rs.),No,No,No,No,2,4.6,Dark Green,Excellent,627
2900633,Barbeque Nation,1,Bhubaneshwar,"Plot 12-13/557, 3rd Floor, Mauza Samantapuri,Gajapati Nagar, Chandrasekharpur, Bhubaneshwar",Chandrasekharpur,"Chandrasekharpur, Bhubaneshwar",0.0,0.0,"Mediterranean, Asian, Continental, North Indian, Arabian",1200,Indian Rupees(Rs.),No,No,No,No,3,4.6,Dark Green,Excellent,154
6001748,Meï¿½ï¿½hur ï¿½_zï¿½_elik Aspava,208,Ankara,"Kï¿½_ï¿½_ï¿½_k Esat Mahallesi, Esat Caddesi, No 110/C, ï¿½ankaya, Ankara",Kï¿½_ï¿½_ï¿½_k Esat,"Kï¿½_ï¿½_ï¿½_k Esat, Ankara",32.86663333,39.90663611,"Kebab, Turkish Pizza",40,Turkish Lira(TL),No,No,No,No,2,4.6,Dark Green,Excellent,109
130535,The Fisherman's Wharf,1,Goa,"Before The Leela, Mobor, Cavelossim, Goa",Cavelossim,"Cavelossim, Goa",73.95088889,15.15794444,"Continental, Goan, Seafood, North Indian",1100,Indian Rupees(Rs.),No,No,No,No,4,4.6,Dark Green,Excellent,555
18303709,Burma Burma,1,Gurgaon,"Ground Floor, Shop 6, Building 8, Tower C, Cyber Hub, DLF Cyber City, Gurgaon","Cyber Hub, DLF Cyber City","Cyber Hub, DLF Cyber City, Gurgaon",77.0887329,28.4946295,"Asian, Burmese",1500,Indian Rupees(Rs.),Yes,No,No,No,3,4.6,Dark Green,Excellent,563
18204463,Twigly,1,Gurgaon,"H Block, DLF Phase 1, Gurgaon",DLF Phase 1,"DLF Phase 1, Gurgaon",77.0923421,28.4803156,"Continental, Italian, Pizza, Asian",500,Indian Rupees(Rs.),No,Yes,No,No,2,4.6,Dark Green,Excellent,395
18385201,Cryo Lab,1,Ahmedabad,"Ground Floor, Arjun Avenue, Opposite Samartheshwar Mahadev, Law Garden, Ahmedabad",Ellis Bridge,"Ellis Bridge, Ahmedabad",72.55998429,23.02874796,"Desserts, Ice Cream",350,Indian Rupees(Rs.),No,No,No,No,2,4.6,Dark Green,Excellent,166
18409224,Pier 38,1,Gurgaon,"Shop 106-107, Cyber Hub, DLF Cyber City, Gurgaon","Cyber Hub, DLF Cyber City","Cyber Hub, DLF Cyber City, Gurgaon",77.0886429,28.4950691,"Persian, Arabian, Lebanese, North Indian",1200,Indian Rupees(Rs.),No,No,No,No,3,4.6,Dark Green,Excellent,177
16519268,La Plage,1,Goa,"Aswem Beach, Near Papa Jolly Hotel, Aswem Road, Morjim, Arambol, Goa",Arambol,"Arambol, Goa",0.0,0.0,"Seafood, French",800,Indian Rupees(Rs.),No,No,No,No,3,4.6,Dark Green,Excellent,302
70890,Fusilli Reasons,1,Chennai,"1/9, Dr. Vasudevan Street, Ormes Road, Kilpauk, Chennai",Kilpauk,"Kilpauk, Chennai",80.24851944,13.08187778,Italian,350,Indian Rupees(Rs.),No,No,No,No,1,4.6,Dark Green,Excellent,1510
17060869,Texas de Brazil,216,Orlando,"5259 International Drive, Orlando, FL 32819",I-Drive/Universal,"I-Drive/Universal, Orlando",-81.4510725,28.4676808,"Brazilian, Steak",100,Dollar($),No,No,No,No,4,4.6,Dark Green,Excellent,2324
17057925,Cafï¿½ï¿½ Tu Tu Tango,216,Orlando,"8625 International Drive, Orlando, FL 32819",I-Drive/Universal,"I-Drive/Universal, Orlando",-81.469986,28.440344,"New American, Tapas",40,Dollar($),No,No,No,No,3,4.6,Dark Green,Excellent,1293
17580160,New Yorker Deli & Pizzeria,216,Pensacola,"3001 E Cervantes St, Pensacola, FL 32503",Pensacola,"Pensacola, Pensacola",-87.1819,30.4251,"Italian, Pizza, Sandwich",10,Dollar($),No,No,No,No,1,4.6,Dark Green,Excellent,792
17064266,Hawkers Asian Street Fare,216,Orlando,"1103 N Mills Avenue, Orlando, FL 32803",Mills 50,"Mills 50, Orlando",-81.364347,28.560505,"Asian, Thai",35,Dollar($),No,No,No,No,3,4.6,Dark Green,Excellent,1293
17500767,Jim Shaw's Seafood Grill & Bar,216,Macon,"3040 Vineville Ave, Macon, GA 31204",Macon,"Macon, Macon",-83.6737,32.8496,Seafood,25,Dollar($),No,No,No,No,2,4.6,Dark Green,Excellent,467
18420456,Band Baaja Baaraat,1,New Delhi,"A-6 Ground Floor, Vishal Enclave, Rajouri Garden, New Delhi",Rajouri Garden,"Rajouri Garden, New Delhi",77.1192507,28.647609,North Indian,1300,Indian Rupees(Rs.),Yes,No,No,No,3,4.6,Dark Green,Excellent,128
8244,Big Chill,1,New Delhi,"35, Khan Market, New Delhi",Khan Market,"Khan Market, New Delhi",77.2275373,28.6005429,"Italian, Continental, European, Cafe",1500,Indian Rupees(Rs.),No,No,No,No,3,4.6,Dark Green,Excellent,1569
18420452,Food Scouts,1,New Delhi,"Punjabi Bagh, New Delhi",Punjabi Bagh,"Punjabi Bagh, New Delhi",77.133327,28.670435,"North Indian, Chinese, Continental",700,Indian Rupees(Rs.),No,Yes,No,No,2,4.6,Dark Green,Excellent,61
15091,Aman Chicken,1,Ludhiana,"Jagjit Nagar, Near Railway Crossing, Near Shastri Nagar, Ludhiana",Shastri Nagar,"Shastri Nagar, Ludhiana",75.82961485,30.89018388,"North Indian, Mughlai",800,Indian Rupees(Rs.),No,No,No,No,2,4.6,Dark Green,Excellent,196
900682,Nawras Seafood Restaurant,1,Kochi,"Near Pullepadi Bus stop, Chittoor Road, Kochi",Chittoor Road,"Chittoor Road, Kochi",76.28500095,9.979362921,Seafood,1000,Indian Rupees(Rs.),No,No,No,No,3,4.6,Dark Green,Excellent,289
801690,Mocha,1,Lucknow,"CP-1, 2nd Floor, Anand Plaza, Viram Khand-1, Near Patrakarpuram Crossing, Gomti Nagar, Lucknow",Gomti Nagar,"Gomti Nagar, Lucknow",81.0011849,26.8528099,"Cafe, Italian, Continental",800,Indian Rupees(Rs.),No,No,No,No,3,4.6,Dark Green,Excellent,567
20747,India Restaurant,1,Kolkata,"Ground Floor, 1st Floor, 2nd Floor, 34, Karl Marx Sarani, Kidderpore, Kolkata",Kidderpore,"Kidderpore, Kolkata",88.3223365,22.5389989,"Biryani, North Indian, Chinese, Mughlai",800,Indian Rupees(Rs.),Yes,Yes,No,No,2,4.6,Dark Green,Excellent,1219
18217475,Asia Kitchen by Mainland China,1,Kolkata,"4th Floor, Acropolis Mall, 1858/1, Rajdanga Main Road, Kasba, Kolkata","Acropolis Mall, Kasba ","Acropolis Mall, Kasba , Kolkata",88.39329377,22.51468755,"Asian, Chinese",1400,Indian Rupees(Rs.),No,Yes,No,No,3,4.6,Dark Green,Excellent,945
17145077,Star Noodle,216,Rest of Hawaii,"286 Kupuohi St, Lahaina, HI 96761",Lahaina,"Lahaina, Rest of Hawaii",-156.674835,20.885226,Asian,10,Dollar($),No,No,No,No,1,4.6,Dark Green,Excellent,723
17143950,Yard House,216,Rest of Hawaii,"226 Lewers St, Honolulu, HI 96815",Waikiki,"Waikiki, Rest of Hawaii",-157.8312476,21.2794952,"American, Asian, Burger",40,Dollar($),No,No,No,No,3,4.6,Dark Green,Excellent,1078
17615924,Leopold's Ice Cream,216,Savannah,"212 E Broughton Street, Savannah, GA 31401",Savannah,"Savannah, Savannah",-81.0894,32.0785,"Desserts, Sandwich, Ice Cream",10,Dollar($),No,No,No,No,1,4.6,Dark Green,Excellent,880
18277098,Genghis Grill,214,Abu Dhabi,"Level 2, Al Wahda Mall New Extension, Al Wahda, Abu Dhabi","Al Wahda Mall, Al Wahda","Al Wahda Mall, Al Wahda, Abu Dhabi",54.37500816,24.47083582,Asian,180,Emirati Diram(AED),No,No,No,No,4,4.6,Dark Green,Excellent,81
5704255,Famous Dave's Barbecue,214,Abu Dhabi,"Near The One, Level 3, Abu Dhabi Mall, Tourist Club Area (Al Zahiyah), Abu Dhabi","Abu Dhabi Mall, Tourist Club Area  (Al Zahiyah)","Abu Dhabi Mall, Tourist Club Area  (Al Zahiyah), Abu Dhabi",54.38294616,24.49569253,American,260,Emirati Diram(AED),No,Yes,No,No,4,4.6,Dark Green,Excellent,376
18212135,Denny's,214,Abu Dhabi,"Abu Dhabi Mall, Tourist Club Area (Al Zahiyah), Abu Dhabi","Abu Dhabi Mall, Tourist Club Area  (Al Zahiyah)","Abu Dhabi Mall, Tourist Club Area  (Al Zahiyah), Abu Dhabi",54.38279729,24.49550307,American,190,Emirati Diram(AED),No,No,No,No,4,4.6,Dark Green,Excellent,207
5702574,The Cheesecake Factory,214,Abu Dhabi,"Level 1, Yas Mall, Yas Leisure Dr, Yas Island, Abu Dhabi","Yas Mall, Yas Island","Yas Mall, Yas Island, Abu Dhabi",54.60685361,24.49053138,"American, Desserts",200,Emirati Diram(AED),No,No,No,No,4,4.6,Dark Green,Excellent,586
90847,Chili's,1,Hyderabad,"F 48, 1st Floor, Inorbit Mall, Hitech City, Hyderabad",Hitech City,"Hitech City, Hyderabad",78.38674374,17.43380875,"Mexican, American, Tex-Mex, Burger",1800,Indian Rupees(Rs.),No,Yes,No,No,3,4.6,Dark Green,Excellent,2553
2100712,Mocha,1,Guwahati,"Anil Plaza 2, G.S Road, Christian Basti, Guwahati","Anil Plaza, Christian Basti","Anil Plaza, Christian Basti, Guwahati",91.773932,26.16149,"Cafe, Italian",800,Indian Rupees(Rs.),No,No,No,No,3,4.6,Dark Green,Excellent,394
18427868,Dudleys,1,Gurgaon,"Plot 1605, Sector 53, Golf Course Road, Gurgaon",Golf Course Road,"Golf Course Road, Gurgaon",77.102108,28.441123,"American, Continental, Burger",1000,Indian Rupees(Rs.),No,Yes,No,No,3,4.6,Dark Green,Excellent,150
303960,Manhattan Brewery & Bar Exchange,1,Gurgaon,"1st Floor, Global Foyer Mall, Sector 43, Golf Course Road, Gurgaon","Global Foyer Mall, Golf Course Road","Global Foyer Mall, Golf Course Road, Gurgaon",77.0950273,28.460271,"Finger Food, American, Continental, North Indian, Italian",2000,Indian Rupees(Rs.),No,No,No,No,4,4.6,Dark Green,Excellent,2093
18359919,Onesta,1,Bangalore,"Site 15, 15th Cross, 100 Feet Road, 4th Phase, JP Nagar, Bangalore",JP Nagar,"JP Nagar, Bangalore",77.59679094,12.90622878,"Pizza, Cafe, Italian",600,Indian Rupees(Rs.),No,No,No,No,2,4.6,Dark Green,Excellent,781
7003682,Baduzzi,148,Auckland,"10-26 Jellicoe Street, Wynyard Quarter, Auckland CBD, Auckland 1010",Wynyard Quarter,"Wynyard Quarter, Auckland",174.7570233,-36.84109176,Italian,120,NewZealand($),No,No,No,No,4,4.6,Dark Green,Excellent,413
17335173,Olive Tree Cafe,216,Davenport,"2513 53rd Avenue, Bettendorf, IA 52722",Bettendorf,"Bettendorf, Davenport",-90.496986,41.574935,"Indian, Mediterranean, Middle Eastern",25,Dollar($),No,No,No,No,2,4.6,Dark Green,Excellent,166
17334211,Kobe Hibachi & Sushi,216,Dalton,"2603 Battlefield Pkwy, Fort Oglethorpe, GA 30742",Fort Oglethorpe,"Fort Oglethorpe, Dalton",-85.2229101,34.9428786,"American, Japanese, Sushi",25,Dollar($),No,No,No,No,2,4.6,Dark Green,Excellent,214
7101042,The Hangar,148,Wellington City,"171-177 Willis Street, Te Aro, Wellington City",Te Aro,"Te Aro, Wellington City",174.773933,-41.290801,Cafe,50,NewZealand($),No,No,No,No,3,4.6,Dark Green,Excellent,171
6900724,Bodega,215,Birmingham,"12 Bennetts Hill, City Centre, Birmingham B2 5RS",City Centre,"City Centre, Birmingham",-1.900375,52.47969,Latin American,40,Pounds(ï¿½ï¿½),No,No,No,No,3,4.6,Dark Green,Excellent,100
7600902,Mimi's Bakehouse,215,Edinburgh,"63 Shore, Leith, Edinburgh EH6 6RA",Leith,"Leith, Edinburgh",-3.171327778,55.97509722,"Cafe, Bakery, Desserts",35,Pounds(ï¿½ï¿½),No,No,No,No,3,4.6,Dark Green,Excellent,130
6703176,Veloso,30,Sï¿½ï¿½o Paulo,"Rua Conceiï¿½_ï¿½ï¿½o Veloso, 56, Vila Mariana, Sï¿½ï¿½o Paulo",Vila Mariana,"Vila Mariana, Sï¿½ï¿½o Paulo",-46.63566667,-23.58516667,"Brazilian, Bar Food, Beverages",70,Brazilian Real(R$),No,No,No,No,3,4.6,Dark Green,Excellent,58
6103255,Roka,215,London,"37 Charlotte Street, Fitzrovia, London W1T 1RR","Charlotte Street, Fitzrovia","Charlotte Street, Fitzrovia, London",-0.135524,51.518935,"Japanese, Sushi",60,Pounds(ï¿½ï¿½),No,No,No,No,3,4.6,Dark Green,Excellent,436
18107765,Zaffran Dining Experience,166,Doha,"Al Emadi Financial Square, C Ring Road, Al Hilal, Doha","Al Emadi Financial Square, Al Hilal","Al Emadi Financial Square, Al Hilal, Doha",51.5274557,25.2625016,Indian,300,Qatari Rial(QR),No,No,No,No,4,4.6,Dark Green,Excellent,348
6113973,Bone Daddies,215,London,"31 St. Peter Street, Soho, London W1F 0AR","Walker's Court, Soho","Walker's Court, Soho, London",-0.133789,51.512627,"Ramen, Japanese",40,Pounds(ï¿½ï¿½),No,No,No,No,3,4.6,Dark Green,Excellent,418
17330611,Cafe Le Rue @ The Landings,216,Columbus,"2523 Airport Thruway, Columbus, GA 31904",Columbus,"Columbus, Columbus",-84.95591,32.519247,"American, Seafood, Cajun",25,Dollar($),No,No,No,No,2,4.6,Dark Green,Excellent,489
16604911,Bridge Road Brewers,14,Beechworth,"Old Coach House 50 Ford St, Beechworth, Beechworth, VIC",Beechworth,"Beechworth, Beechworth",146.685852,-36.360439,"Pizza, Bar Food",20,Dollar($),No,No,No,No,2,4.6,Dark Green,Excellent,237
17293409,Sr. Sol 1,216,Athens,"175 Tallassee Rd, Athens, GA 30606",Athens,"Athens, Athens",-83.4293,33.9652,Mexican,10,Dollar($),No,No,No,No,1,4.6,Dark Green,Excellent,917
17294556,Miyabi Kyoto Japanese Steak House,216,Augusta,"1315 Augusta West Pkwy, Augusta, GA 30909",Augusta,"Augusta, Augusta",-82.0865,33.4721,"Chinese, Steak",40,Dollar($),No,No,No,No,3,4.6,Dark Green,Excellent,717
6713413,Les 3 Brasseurs,30,Sï¿½ï¿½o Paulo,"Rua Jesuï¿½_no Arruda, 470, Itaim Bibi, Sï¿½ï¿½o Paulo",Itaim Bibi,"Itaim Bibi, Sï¿½ï¿½o Paulo",-46.67511,-23.582135,"French, Brazilian, Beverages",120,Brazilian Real(R$),No,No,No,No,4,4.6,Dark Green,Excellent,30
17303642,Flatbread Neapolitan Pizzeria,216,Boise,"800 W Main Suite 230, Boise, ID 83702",Boise,"Boise, Boise",-116.203466,43.616068,"Italian, Pizza",25,Dollar($),No,No,No,No,2,4.6,Dark Green,Excellent,615
3200311,La Quello - Mediterranean Kitchen,1,Vadodara,"1, Trivia, Natu Bhai Circle, Race Course Road, Vadiwadi, Vadodara",Vadiwadi,"Vadiwadi, Vadodara",73.15892089,22.31023696,"Mediterranean, Italian",1300,Indian Rupees(Rs.),No,No,No,No,3,4.6,Dark Green,Excellent,321
2800013,Pizza Hut,1,Vizag,"52-1-35,36&38, CMR Mall, New Resapavanipalem, Maddilapalem, Vizag","CMR Central Mall, Maddilapalem","CMR Central Mall, Maddilapalem, Vizag",83.31851111,17.73417778,"Pizza, Fast Food",600,Indian Rupees(Rs.),No,No,No,No,2,4.6,Dark Green,Excellent,289
7405789,Toodz House,94,Jakarta,"Jl. Cipete Raya No. 79, Fatmawati, Jakarta",Fatmawati,"Fatmawati, Jakarta",106.801782,-6.278012,"Cafe, Italian, Coffee and Tea, Western, Indonesian",165000,Indonesian Rupiah(IDR),No,No,No,No,3,4.6,Dark Green,Excellent,1476
7422751,Union Deli,94,Jakarta,"Grand Indonesia Mall, Lantai Ground, East Mall, Jl. MH Thamrin, Thamrin, Jakarta","Grand Indonesia Mall, Thamrin","Grand Indonesia Mall, Thamrin, Jakarta",106.8197488,-6.197150016,"Desserts, Bakery, Western",200000,Indonesian Rupiah(IDR),No,No,No,No,3,4.6,Dark Green,Excellent,903
7003663,Federal Delicatessen,148,Auckland,"86 Federal Street, Auckland CBD, Auckland 1010",Federal Street,"Federal Street, Auckland",174.7622201,-36.84876968,"Cafe, American",60,NewZealand($),No,No,No,No,3,4.6,Dark Green,Excellent,696
17259368,Fong's Pizza,216,Des Moines,"223 4th Street, Des Moines, IA 50309",Downtown,"Downtown, Des Moines",-93.621631,41.585465,"Chinese, Pizza",25,Dollar($),No,No,No,No,2,4.6,Dark Green,Excellent,728
17375047,Eat at Thai,216,Gainesville,"975 Dawsonville Hwy, Gainesville, GA 30501",Gainesville,"Gainesville, Gainesville",-83.857993,34.300182,Thai,10,Dollar($),No,No,No,No,1,4.6,Dark Green,Excellent,357
7410290,Satoo - Hotel Shangri-La,94,Jakarta,"Hotel Shangri-La, Jl. Jend. Sudirman","Hotel Shangri-La, Sudirman","Hotel Shangri-La, Sudirman, Jakarta",106.8189611,-6.203291667,"Asian, Indonesian, Western",800000,Indonesian Rupiah(IDR),No,No,No,No,3,4.6,Dark Green,Excellent,873
18273624,Cafeteria & Co.,1,New Delhi,"G 14, Hudson Lane, Vijay Nagar, New Delhi",Vijay Nagar,"Vijay Nagar, New Delhi",77.2043384,28.6944707,"Continental, Mexican",900,Indian Rupees(Rs.),No,No,No,No,2,4.6,Dark Green,Excellent,1136
18161577,Spezia Bistro,1,New Delhi,"2525, 1st Floor, Hudson Lane, Delhi University-GTB Nagar, New Delhi",Delhi University-GTB Nagar,"Delhi University-GTB Nagar, New Delhi",77.2041413,28.694839,"Cafe, Continental, Chinese, Italian",900,Indian Rupees(Rs.),Yes,Yes,No,No,2,4.6,Dark Green,Excellent,1071
304746,The California Boulevard,1,New Delhi,"J-2/5, 1st & 2nd Floor, BK Dutt Market, Rajouri Garden, New Delhi",Rajouri Garden,"Rajouri Garden, New Delhi",77.1200352,28.647716,"American, Asian, European, Seafood",2000,Indian Rupees(Rs.),Yes,No,No,No,4,4.6,Dark Green,Excellent,1691
18241869,Tashan,1,New Delhi,"M-60, Main Market, Greater Kailash (GK) 2, New Delhi",Greater Kailash (GK) 2,"Greater Kailash (GK) 2, New Delhi",77.2441084,28.5335898,Modern Indian,2000,Indian Rupees(Rs.),Yes,No,No,No,4,4.6,Dark Green,Excellent,304
18408295,Stacks And Racks,1,Mumbai,"Shop 1, Ganga Nivas, Opposite Toyota Showroom, Link Road, Malad West, Mumbai",Malad West,"Malad West, Mumbai",72.83619149,19.18129965,"American, Burger, Fast Food",500,Indian Rupees(Rs.),No,No,No,No,2,4.6,Dark Green,Excellent,413
17096140,Rumba Island Bar & Grill,216,Tampa Bay,"1800 Gulf To Bay Blvd, Clearwater, FL 33765",Clearwater,"Clearwater, Tampa Bay",-82.762624,27.96076,"BBQ, Caribbean, Seafood",25,Dollar($),No,No,No,No,2,4.6,Dark Green,Excellent,1321
17099925,Red Mesa Cantina,216,Tampa Bay,"128 3rd St S, St Petersburg, FL 33701",Downtown St Petersburg,"Downtown St Petersburg, Tampa Bay",-82.636924,27.770026,"Latin American, Mexican, Southwestern",25,Dollar($),No,No,No,No,2,4.6,Dark Green,Excellent,1629
18180080,Greenr Cafe,1,New Delhi,"416, Gora Street, Behind Dada Jungi House, Shahpur Jat, New Delhi",Shahpur Jat,"Shahpur Jat, New Delhi",77.2132555,28.548542,Cafe,1100,Indian Rupees(Rs.),No,Yes,No,No,3,4.6,Dark Green,Excellent,112
90499,Coffee Cup,1,Secunderabad,"E 89, Above Canara Bank, Sainikpuri, Secunderabad",Sainikpuri,"Sainikpuri, Secunderabad",78.5521107,17.4832159,"Cafe, Continental",800,Indian Rupees(Rs.),Yes,No,No,No,2,4.6,Dark Green,Excellent,1408
113325,Nini's Kitchen,1,Ahmedabad,"12, First Floor, Camps Corner 2, Opposite Prahlad Nagar Garden, Prahlad Nagar, Ahmedabad",Prahlad Nagar,"Prahlad Nagar, Ahmedabad",72.5072645,23.0117723,"North Indian, Continental, Beverages, Italian, Burger, Healthy Food, Mediterranean",950,Indian Rupees(Rs.),No,Yes,No,No,3,4.5,Dark Green,Excellent,1138
5602377,Paper Fig,214,Sharjah,"Near Dubai Islamic Bank, Muweilah, University City, Sharjah",University City,"University City, Sharjah",55.45834266,25.3084123,"Cafe, Bakery, Desserts",150,Emirati Diram(AED),No,No,No,No,4,4.5,Dark Green,Excellent,143
208965,The Coffee Club,214,Dubai,"Wasl Vita, Opposite Civil Defence Station, Near Emirates NBD, Al Wasl Road, Jumeirah 1, Dubai",Jumeirah 1,"Jumeirah 1, Dubai",55.25639722,25.21110278,Cafe,140,Emirati Diram(AED),No,Yes,No,No,3,4.5,Dark Green,Excellent,403
18277179,Yum Yum Cha,1,Gurgaon,"Cyber Hub, DLF Cyber City, Gurgaon","Cyber Hub, DLF Cyber City","Cyber Hub, DLF Cyber City, Gurgaon",77.0885987,28.4950762,"Chinese, Japanese, Sushi",1800,Indian Rupees(Rs.),No,No,No,No,3,4.5,Dark Green,Excellent,407
201531,Hard Rock Cafe,214,Dubai,"Next to Marks & Spencer's, Festival City, Dubai",Festival City,"Festival City, Dubai",55.35147775,25.22399154,"American, Burger",300,Emirati Diram(AED),No,No,No,No,4,4.5,Dark Green,Excellent,1388
3000195,Valarmathi Kongunaatu Samayal,1,Coimbatore,"207/A, CSI Compound, Opposite Photo Centre, Race Course, Coimbatore",Race Course,"Race Course, Coimbatore",76.976268,11.001852,"South Indian, Biryani",350,Indian Rupees(Rs.),No,No,No,No,2,4.5,Dark Green,Excellent,380
16512168,Ritz Classic,1,Goa,"1st Floor, Vagle Vision, 18th June Road, Panaji, Goa",Panaji,"Panaji, Goa",73.82691111,15.49860278,"Goan, Seafood, North Indian",600,Indian Rupees(Rs.),No,No,No,No,3,4.5,Dark Green,Excellent,840
7471,Cafe Parmesan,1,Faridabad,"42, 1st Floor, HUDA Market, Sector 15, Faridabad",Sector 15,"Sector 15, Faridabad",77.3236479,28.3950766,Italian,1000,Indian Rupees(Rs.),No,No,No,No,3,4.5,Dark Green,Excellent,799
18396250,Huber & Holly,1,Ahmedabad,"7 B, Circle  B, Opposite Rajpath Club, Sarkhej, Gandhinagar Highway, Bodakdev, Ahmedabad",Bodakdev,"Bodakdev, Ahmedabad",72.5123947,23.0383109,"Ice Cream, Desserts, Continental",300,Indian Rupees(Rs.),No,Yes,No,No,1,4.5,Dark Green,Excellent,217
18255654,Hobing Korean Dessert Cafe,162,Taguig City,"Third Floor, BGC Stopover Pavillion, Rizal Drive Corner 31st Street, Bonifacio Global City, Taguig City","BGC Stopover Pavillion, Bonifacio Global City","BGC Stopover Pavillion, Bonifacio Global City, Taguig City",121.045878,14.55436,"Cafe, Korean, Desserts",600,Botswana Pula(P),No,No,No,No,2,4.5,Dark Green,Excellent,118
18385443,Koramangala Social,1,Bangalore,"118, Koramangala Industrial Area, Koramangala 7th Block, Bangalore",Koramangala 7th Block,"Koramangala 7th Block, Bangalore",77.61413042,12.93566181,"Continental, American",1500,Indian Rupees(Rs.),No,No,No,No,3,4.5,Dark Green,Excellent,1288
122940,Burgrill,1,Chandigarh,"Booth 70, Sector 8, Chandigarh",Sector 8,"Sector 8, Chandigarh",76.7978909,30.740827,"Burger, Fast Food",500,Indian Rupees(Rs.),No,Yes,No,No,2,4.5,Dark Green,Excellent,249
120014,Barbeque Nation,1,Chandigarh,"SCO 39, Madhya Marg, Sector 26, Chandigarh",Sector 26,"Sector 26, Chandigarh",76.8051917,30.7257045,"North Indian, Chinese",1300,Indian Rupees(Rs.),No,No,No,No,3,4.5,Dark Green,Excellent,1450
18408676,Central Perk 7,1,Bhubaneshwar,"Plot 133/A, District Center, Chandrasekharpur, Bhubaneshwar",Chandrasekharpur,"Chandrasekharpur, Bhubaneshwar",85.81781287,20.32553933,"Cafe, Charcoal Grill, Steak",600,Indian Rupees(Rs.),No,No,No,No,2,4.5,Dark Green,Excellent,145
70497,Basil With A Twist,1,Chennai,"58-A, Habibullah Road, T. Nagar, Chennai",T. Nagar,"T. Nagar, Chennai",80.24226844,13.04964535,"Continental, Cafe, Spanish, Italian, European, Greek, Mediterranean",1500,Indian Rupees(Rs.),Yes,Yes,No,No,3,4.5,Dark Green,Excellent,1210
6000549,Meï¿½ï¿½hur TavacÛ± Recep Usta,208,Ankara,"Gï¿½_zeltepe Mahallesi, Dikmen Vadisi, Hoï¿½ï¿½dere Giriï¿½ï¿½i, ï¿½ankaya, Ankara",Dikmen,"Dikmen, Ankara",32.84618889,39.88487222,Kebab,100,Turkish Lira(TL),No,No,No,No,3,4.5,Dark Green,Excellent,231
58882,Big Brewsky,1,Bangalore,"Behind MK Retail, Before WIPRO Corporate Office, Sarjapur Road, Bangalore",Sarjapur Road,"Sarjapur Road, Bangalore",77.68323686,12.91304096,"Finger Food, North Indian, Italian, Continental, Thai, South Indian",1800,Indian Rupees(Rs.),Yes,Yes,No,No,3,4.5,Dark Green,Excellent,5705
7300596,Cervantes,30,Rio de Janeiro,"Avenida Prado Junior, 335 B, Copacabana, Rio de Janeiro",Copacabana,"Copacabana, Rio de Janeiro",-43.17583333,-22.96216667,"Beverages, Bar Food, Fast Food",90,Brazilian Real(R$),No,No,No,No,3,4.5,Dark Green,Excellent,29
6706313,Cantina Famiglia Mancini,30,Sï¿½ï¿½o Paulo,"Rua Avanhandava, 81, Bela Vista, Sï¿½ï¿½o Paulo 10000","Bela Vista, Centro","Bela Vista, Centro, Sï¿½ï¿½o Paulo",-46.64516667,-23.55066667,"Italian, Pizza",250,Brazilian Real(R$),No,No,No,No,4,4.5,Dark Green,Excellent,49
75576,Harissa Bistro,189,Pretoria,"The Club Centre, Corner of Pinaster Avenue & 18th Street, Hazelwood, Near Waterkloof, Pretoria","The Club Centre, Hazelwood, Near Waterkloof","The Club Centre, Hazelwood, Near Waterkloof, Pretoria",28.257131,-25.778387,"European, South African, Steak",450,Rand(R),No,No,No,No,4,4.5,Dark Green,Excellent,287
18370704,Marble,189,Johannesburg,"Corner Jan Smuts Avenue & Jellicoe Avenue, Rosebank, Johannesburg",Rosebank,"Rosebank, Johannesburg",28.03619944,-26.14338814,"Continental, South African, Beverages, Desserts, Seafood, Grill, Ice Cream, International",955,Rand(R),No,No,No,No,4,4.5,Dark Green,Excellent,222
18289339,Culture Club - Bar De Tapas,189,Pretoria,"15, 16th Street, Waterkloof, Pretoria 0081",Waterkloof,"Waterkloof, Pretoria",28.255682,-25.775823,"Cafe, Tapas, South African, Beverages, Healthy Food, Desserts, Spanish",285,Rand(R),No,No,No,No,3,4.5,Dark Green,Excellent,97
5800718,Simply Strawberries By Jagro,191,Colombo,"131, Vijaya Kumaratunge Mawathu, Havelock Town, Colombo 05","Havelock Town, Colombo 05","Havelock Town, Colombo 05, Colombo",79.87943333,6.883738889,"Juices, Desserts",1300,Sri Lankan Rupee(LKR),No,No,No,No,2,4.5,Dark Green,Excellent,146
6310406,The Food Hall by Todd English,162,Taguig City,"Fifth Floor, SM Aura Premier, C5 Corner 26th Street, Bonifacio Global City, Taguig City","SM Aura Premier, Bonifacio Global City, Taguig City","SM Aura Premier, Bonifacio Global City, Taguig City, Taguig City",121.0534998,14.54565535,"American, Asian, Italian, Seafood",1800,Botswana Pula(P),Yes,No,No,No,4,4.5,Dark Green,Excellent,618
130409,Baba Au Rhum,1,Goa,"1054, Sim Vaddo, Anjuna, Goa",Anjuna,"Anjuna, Goa",73.75574991,15.57668259,"Italian, French, Cafe",800,Indian Rupees(Rs.),No,No,No,No,3,4.5,Dark Green,Excellent,280
17615979,Mrs. Wilkes' Dining Room,216,Savannah,"107 W Jones St, Savannah, GA 31401",Savannah,"Savannah, Savannah",-81.0955,32.0727,"American, Southern",40,Dollar($),No,No,No,No,3,4.5,Dark Green,Excellent,1014
17142519,Kihei Caffe,216,Rest of Hawaii,"1945 S Kihei Road, Kihei, HI 96753",Kihei,"Kihei, Rest of Hawaii",-156.451847,20.731487,"American, Hawaiian",10,Dollar($),No,No,No,No,1,4.5,Dark Green,Excellent,695
900969,Barbeque Nation,1,Kochi,"6th Floor, Imperial Trade Centre, Mahatma Gandhi Road, Kacheripady, Kochi",Kacheripady,"Kacheripady, Kochi",76.28326792,9.982833886,"European, North Indian, Mediterranean, American",1500,Indian Rupees(Rs.),No,No,No,No,3,4.5,Dark Green,Excellent,213
17144717,Giovanni's Shrimp Truck,216,Rest of Hawaii,"56-505 Kamehameha Hwy, Kahuku, HI 96731",Kahuku,"Kahuku, Rest of Hawaii",-157.948486,21.677078,Seafood,25,Dollar($),No,No,No,No,2,4.5,Dark Green,Excellent,691
17144991,Coconuts Fish Cafe,216,Rest of Hawaii,"1279 S Kihei Road, Kihei, HI 96753",Kihei,"Kihei, Rest of Hawaii",-156.455284,20.748838,Seafood,30,Dollar($),No,No,No,No,3,4.5,Dark Green,Excellent,487
18340881,Barbeque Nation,214,Dubai,"G1, Villa, Near HQ Fitness, Near Lulu Mall, Barsha 2, Dubai",Barsha 2,"Barsha 2, Dubai",55.215341,25.11338,"Indian, North Indian",150,Emirati Diram(AED),Yes,No,No,No,3,4.5,Dark Green,Excellent,307
17580349,Tu-Do Vietnamese Restaurant,216,Pensacola,"7130 N Davis Hwy, Pensacola, FL 32504",Pensacola,"Pensacola, Pensacola",-87.2216,30.4982,"Asian, Vietnamese",10,Dollar($),No,No,No,No,1,4.5,Dark Green,Excellent,828
17500819,Mandarin Chinese Restaurant,216,Macon,"3086 Riverside Dr, Macon, GA 31210",Macon,"Macon, Macon",-83.6766,32.8899,"Chinese, Thai",25,Dollar($),No,No,No,No,2,4.5,Dark Green,Excellent,302
17500911,Rookery,216,Macon,"543 Cherry St, Macon, GA 31201",Macon,"Macon, Macon",-83.6279,32.8361,"Burger, Desserts, Bar Food",25,Dollar($),No,No,No,No,2,4.5,Dark Green,Excellent,289
17057397,'Ohana,216,Orlando,"1600 Seven Seas Drive, Lake Buena Vista, FL 32830",Disney World Area,"Disney World Area, Orlando",-81.585226,28.405437,Hawaiian,45,Dollar($),No,No,No,No,3,4.5,Dark Green,Excellent,1151
302282,Neung Roi - Radisson Blu Plaza Delhi,1,New Delhi,"Radisson Blu Plaza Delhi, National Highway 8, Near IGI Airport, Mahipalpur, New Delhi","Radisson Blu Plaza Delhi, Mahipalpur","Radisson Blu Plaza Delhi, Mahipalpur, New Delhi",77.1194083,28.5438287,Thai,3000,Indian Rupees(Rs.),Yes,No,No,No,4,4.5,Dark Green,Excellent,295
305525,Cafe Lota,1,New Delhi,"National Crafts Museum, Gate 2, Bhairon Marg, Pragati Maidan, New Delhi",Pragati Maidan,"Pragati Maidan, New Delhi",77.2419091,28.6131676,"North Indian, South Indian, Bihari",1200,Indian Rupees(Rs.),No,No,No,No,3,4.5,Dark Green,Excellent,2213
18037817,Qubitos - The Terrace Cafe,1,New Delhi,"C-7, Vishal Enclave, Opposite Metro Pillar 417, Rajouri Garden, New Delhi",Rajouri Garden,"Rajouri Garden, New Delhi",77.1177015,28.6471325,"Thai, European, Mexican, North Indian, Chinese, Cafe",1500,Indian Rupees(Rs.),Yes,No,No,No,3,4.5,Dark Green,Excellent,778
17616266,Zunzi's,216,Savannah,"108 E York Street, Savannah, GA 31401",Savannah,"Savannah, Savannah",-81.0911,32.0775,"International, Mediterranean, Sandwich",25,Dollar($),No,No,No,No,2,4.5,Dark Green,Excellent,796
303642,Kuremal Mohan Lal Kulfi Wale,1,New Delhi,"526, Kucha Pati Ram, Bazar Sita Ram, Near Chawri Bazar Metro Station, Chawri Bazar, New Delhi",Chawri Bazar,"Chawri Bazar, New Delhi",77.2270433,28.6477617,Ice Cream,200,Indian Rupees(Rs.),No,No,No,No,1,4.5,Dark Green,Excellent,545
18400736,Owl is Well,1,New Delhi,"Greater Kailash (GK) 1, New Delhi",Greater Kailash (GK) 1,"Greater Kailash (GK) 1, New Delhi",77.24070288,28.54163598,"Burger, American, Fast Food, Italian, Pizza",1000,Indian Rupees(Rs.),No,Yes,No,No,3,4.5,Dark Green,Excellent,162
18349919,Natural Ice Cream,1,New Delhi,"G-1, Ground Floor, Opposite Aurobindo Market, Hauz Khas, New Delhi",Hauz Khas,"Hauz Khas, New Delhi",77.2045658,28.5513376,Ice Cream,150,Indian Rupees(Rs.),No,Yes,No,No,1,4.5,Dark Green,Excellent,67
307931,Coast Cafe,1,New Delhi,"H-2, 2nd & 3rd Floor, Hauz Khas Village, New Delhi",Hauz Khas Village,"Hauz Khas Village, New Delhi",77.1960285,28.5545112,"Continental, Kerala",1400,Indian Rupees(Rs.),Yes,Yes,No,No,3,4.5,Dark Green,Excellent,1033
18421049,Midnight Hunger Hub,1,New Delhi,"Janakpuri, New Delhi",Janakpuri,"Janakpuri, New Delhi",77.0900756,28.6122787,"North Indian, Fast Food, Italian, Asian",800,Indian Rupees(Rs.),No,Yes,Yes,No,2,4.5,Dark Green,Excellent,50
309844,Natural Ice Cream,1,New Delhi,"Ground Floor, JMD Kohinoor Mall, Masjid Moth, Main Road, Greater Kailash (GK) 2, New Delhi","JMD Kohinoor Mall, Greater Kailash","JMD Kohinoor Mall, Greater Kailash, New Delhi",77.2386106,28.5367441,Ice Cream,150,Indian Rupees(Rs.),No,Yes,No,No,1,4.5,Dark Green,Excellent,665
3541,Zaffran,1,New Delhi,"N-2, Greater Kailash (GK) 1, New Delhi","Kasbah, Greater Kailash (GK) 1","Kasbah, Greater Kailash (GK) 1, New Delhi",77.2329263,28.556869,"North Indian, Mughlai",2000,Indian Rupees(Rs.),No,No,No,No,4,4.5,Dark Green,Excellent,524
1614,Big Chill,1,New Delhi,"68-A, Khan Market, New Delhi",Khan Market,"Khan Market, New Delhi",77.2274475,28.6006239,"Italian, Continental, European, Cafe",1500,Indian Rupees(Rs.),No,No,No,No,3,4.5,Dark Green,Excellent,4986
34757,Joey's Pizza,1,Mumbai,"Shop 1, Plot D, Samruddhi Complex, Chincholi Bunder Road, Mindspace, Malad West, Mumbai",Malad West,"Malad West, Mumbai",72.834715,19.178321,Pizza,800,Indian Rupees(Rs.),No,Yes,No,No,2,4.5,Dark Green,Excellent,2662
3300058,The Breakfast Story,1,Nagpur,"Opposite Transmitting Station, Hingna Road, Jaitala, Pratap Nagar, Nagpur",Pratap Nagar,"Pratap Nagar, Nagpur",79.03866302,21.1232834,Cafe,600,Indian Rupees(Rs.),No,No,No,No,2,4.5,Dark Green,Excellent,520
17093600,Taco Bus,216,Tampa Bay,"913 E Hillsborough Ave, Tampa, FL 33604",Seminole Heights,"Seminole Heights, Tampa Bay",-82.449897,27.995964,"Mexican, Vegetarian",10,Dollar($),No,No,No,No,1,4.5,Dark Green,Excellent,1868
5704202,Hot Palayok,214,Abu Dhabi,"Food Court, Level 2, Madinat Zayed Shopping Centre, Madinat Zayed, Abu Dhabi","Madinat Zayed Shopping Centre, Madinat Zayed ","Madinat Zayed Shopping Centre, Madinat Zayed , Abu Dhabi",54.36615754,24.48277094,"Filipino, Japanese, Asian",100,Emirati Diram(AED),No,Yes,No,No,3,4.5,Dark Green,Excellent,162
7528,Indian Grill Room,1,Gurgaon,"315, 3rd Floor, Suncity Business Tower, Golf Course Road, Gurgaon","Suncity Business Tower, Golf Course Road","Suncity Business Tower, Golf Course Road, Gurgaon",77.1052774,28.4334574,"North Indian, Mughlai",1800,Indian Rupees(Rs.),Yes,Yes,No,No,3,4.5,Dark Green,Excellent,1262
18376925,Twigly,1,Gurgaon,"Huda Market, Sector 46, Near Sector 31, Gurgaon",Sector 31,"Sector 31, Gurgaon",77.0587634,28.4344744,"Asian, Continental, Fast Food",500,Indian Rupees(Rs.),No,Yes,No,No,2,4.5,Dark Green,Excellent,76
17093135,Conch Republic Grill,216,Tampa Bay,"16699 Gulf Blvd, North Redington Beach, FL 33708",Madeira Beach/Redington Beach,"Madeira Beach/Redington Beach, Tampa Bay",-82.820856,27.816086,"Sandwich, Seafood, Steak",40,Dollar($),No,No,No,No,3,4.5,Dark Green,Excellent,844
17095979,Red Mesa Restaurant,216,Tampa Bay,"4912 4th St N, St Petersburg, FL 33703",Northeast St Petersburg,"Northeast St Petersburg, Tampa Bay",-82.638843,27.816848,"Breakfast, Mexican",40,Dollar($),No,No,No,No,3,4.5,Dark Green,Excellent,1203
801675,Frozen Factory,1,Lucknow,"1/99, Near Tata Motors, Viram Khand, Patrkarpuram, Gomti Nagar, Lucknow",Gomti Nagar,"Gomti Nagar, Lucknow",0.0,0.0,"Desserts, Ice Cream",200,Indian Rupees(Rs.),No,No,No,No,1,4.5,Dark Green,Excellent,144
18233284,Farzi Cafe,214,Dubai,"CITY WALK, Al Safa & Al Wasl Road Intersection, Al Safa, Dubai","CITY WALK, Al Safa","CITY WALK, Al Safa, Dubai",55.26191946,25.2080323,"International, Indian",200,Emirati Diram(AED),Yes,No,No,No,3,4.5,Dark Green,Excellent,909
102215,Monarch Restaurant - Holiday Inn Jaipur City Centre,1,Jaipur,"Holiday Inn Jaipur City Centre, Commercial Plot 1, Sardar Patel Road, Bais Godam, Jaipur","Holiday Inn Jaipur City Centre, Bais Godam","Holiday Inn Jaipur City Centre, Bais Godam, Jaipur",75.7930067,26.9029402,"North Indian, Chinese, Continental, Rajasthani",2300,Indian Rupees(Rs.),No,No,No,No,4,4.5,Dark Green,Excellent,420
7005582,Little Sister Cafe,148,Auckland,"91 Central Park Drive, Henderson, Auckland",Henderson,"Henderson, Auckland",174.635633,-36.859341,Cafe,45,NewZealand($),No,No,No,No,3,4.5,Dark Green,Excellent,213
18268698,The Big Chill Cakery,1,Noida,"Ground Floor, DLF Mall Of India, Sector 18, Noida","DLF Mall of India, Sector 18,  Noida","DLF Mall of India, Sector 18,  Noida, Noida",77.32187994,28.56772693,"Bakery, Desserts",700,Indian Rupees(Rs.),No,No,No,No,2,4.5,Dark Green,Excellent,147
3200090,22nd Parallel,1,Vadodara,"1st Floor, Tapan Complex, Next To M Cube Mall, Alkapuri, Vadodara",Alkapuri,"Alkapuri, Vadodara",73.167788,22.307898,South Indian,400,Indian Rupees(Rs.),No,No,No,No,2,4.5,Dark Green,Excellent,344
11371,Chili's,1,Pune,"UG 49, Phoenix Market City, Nagar Road, Viman Nagar, Pune","Phoenix Market City, Viman Nagar","Phoenix Market City, Viman Nagar, Pune",73.9166191,18.5624502,"Mexican, American, Tex-Mex",1800,Indian Rupees(Rs.),Yes,Yes,No,No,3,4.5,Dark Green,Excellent,1439
18303706,Oh So Stoned!,1,Noida,"4th Floor, DLF Mall of India, Sector 18, Noida","DLF Mall of India, Sector 18,  Noida","DLF Mall of India, Sector 18,  Noida, Noida",77.3210394,28.56800461,Desserts,250,Indian Rupees(Rs.),No,No,No,No,1,4.5,Dark Green,Excellent,324
17452342,Blue Orchid Thai Restaurant,216,Lincoln,"129 N 10th St, Lincoln, NE 68508",Haymarket,"Haymarket, Lincoln",-96.7072,40.8143,Thai,25,Dollar($),No,No,No,No,2,4.5,Dark Green,Excellent,799
17258496,Hickory Park,216,Des Moines,"1404 S Duff Ave, Ames, IA 50010",Ames,"Ames, Des Moines",-93.610084,42.010254,"BBQ, Burger, Desserts",25,Dollar($),No,No,No,No,2,4.5,Dark Green,Excellent,1025
17258350,Flying Mango,216,Des Moines,"4345 Hickman Rd, Des Moines, IA 50310",Beaverdale,"Beaverdale, Des Moines",-93.677638,41.614965,"BBQ, Caribbean, Cajun",40,Dollar($),No,No,No,No,3,4.5,Dark Green,Excellent,674
17258036,Centro,216,Des Moines,"1007 Locust St, Des Moines, IA 50309",Downtown,"Downtown, Des Moines",-93.6300803,41.5857431,"Italian, Pizza",40,Dollar($),No,No,No,No,3,4.5,Dark Green,Excellent,1109
17335195,"Red Ginger Sushi, Grill & Bar",216,Davenport,"793 Middle Rd, Bettendorf, IA 52722",Bettendorf,"Bettendorf, Davenport",-90.522479,41.53845,"Sushi, Teriyaki",40,Dollar($),No,No,No,No,3,4.5,Dark Green,Excellent,208
7101011,Ekim Burgers,148,Wellington City,"257 Cuba Street, Te Aro, Wellington City",Te Aro,"Te Aro, Wellington City",174.774151,-41.296107,Fast Food,25,NewZealand($),No,No,No,No,1,4.5,Dark Green,Excellent,195
7006871,Big Fish Eatery,148,Auckland,"Unit 3, 710 Great South Road, Corner Wilkinson Road, Penrose, Auckland 1061",Penrose,"Penrose, Auckland",174.810305,-36.905409,"Asian, Sushi, Seafood",55,NewZealand($),No,No,No,No,3,4.5,Dark Green,Excellent,166
17330609,Mark's City Grille,216,Columbus,"7160 moon road, Columbus, GA 31909",Columbus,"Columbus, Columbus",-84.927047,32.555591,American,25,Dollar($),No,No,No,No,2,4.5,Dark Green,Excellent,345
7100171,Ombra,148,Wellington City,"199 Cuba Street, Te Aro, Wellington City",Te Aro,"Te Aro, Wellington City",174.775,-41.29483333,Italian,70,NewZealand($),No,No,No,No,4,4.5,Dark Green,Excellent,152
11807,Barbeque Nation,1,Pune,"3rd Floor, R Deccan Mall, Near Deccan Gymkhana, JM Road, Pune","R Deccan Mall, JM Road","R Deccan Mall, JM Road, Pune",73.84252679,18.51621575,"North Indian, Mughlai",1700,Indian Rupees(Rs.),No,No,No,No,3,4.5,Dark Green,Excellent,2847
6508323,The Urban Foundry,1,Pune,"1, Balewadi High Street, Cummins India Office Campus, Baner-Balewadi Link Road, Pune","Balewadi High Street, Balewadi","Balewadi High Street, Balewadi, Pune",73.77472289,18.5691562,"North Indian, Asian",1500,Indian Rupees(Rs.),Yes,No,No,No,3,4.5,Dark Green,Excellent,1099
6103683,Bocca Di Lupo,215,London,"12 Archer Street, Soho, London W1D 7BB","Archer Street, Soho","Archer Street, Soho, London",-0.133947,51.511629,Italian,45,Pounds(ï¿½ï¿½),No,No,No,No,3,4.5,Dark Green,Excellent,571
6102615,The Breakfast Club,215,London,"33 D'Arblay Street, Soho, London W1F 8EU","D'arblay Street, Soho","D'arblay Street, Soho, London",-0.135463889,51.51481111,"American, Burger",40,Pounds(ï¿½ï¿½),No,No,No,No,3,4.5,Dark Green,Excellent,313
6113857,sketch Gallery,215,London,"sketch, 9 Conduit Street, Mayfair, London W1S 2XG","Conduit Street, Mayfair","Conduit Street, Mayfair, London",-0.141557,51.512669,"British, Contemporary",100,Pounds(ï¿½ï¿½),No,No,No,No,4,4.5,Dark Green,Excellent,148
6103922,Dishoom,215,London,"7 Boundary Street, Shoreditch, London E2 7JE","Boundary Street, Shoreditch","Boundary Street, Shoreditch, London",-0.076580556,51.52453611,"Indian, Cafe, Curry",55,Pounds(ï¿½ï¿½),No,No,No,No,3,4.5,Dark Green,Excellent,305
7600217,La Favorita,215,Edinburgh,"325-331 Leith Walk, Leith, Edinburgh EH6 8SA",Leith,"Leith, Edinburgh",-3.176858333,55.96466944,Italian,30,Pounds(ï¿½ï¿½),No,No,No,No,3,4.5,Dark Green,Excellent,329
17294279,The Bee's Knees,216,Augusta,"211 10th Street, Augusta, GA 30901",Augusta,"Augusta, Augusta",-81.97,33.4765,"International, Tapas, Vegetarian",25,Dollar($),No,No,No,No,2,4.5,Dark Green,Excellent,631
17293301,Mama's Boy Restaurant,216,Athens,"197 Oak St, GA 30601",Athens,"Athens, Athens",-83.3654,33.9535,Southern,10,Dollar($),No,No,No,No,1,4.5,Dark Green,Excellent,849
17293281,Last Resort Grill,216,Athens,"184 W Clayton St, Athens, GA 30601",Athens,"Athens, Athens",-83.378273,33.957999,"American, Southern, Southwestern",40,Dollar($),No,No,No,No,3,4.5,Dark Green,Excellent,1821
6900674,Purnell's,215,Birmingham,"55 Cornwall Street, Colmore Business District, Birmingham B3 2DH",Colmore Business District,"Colmore Business District, Birmingham",-1.901843,52.483643,Contemporary,120,Pounds(ï¿½ï¿½),No,No,No,No,4,4.5,Dark Green,Excellent,265
17316751,The Hamburg Inn No. 2 Inc.,216,Cedar Rapids/Iowa City,"214 N Linn St, Iowa City, IA 52245",Iowa City,"Iowa City, Cedar Rapids/Iowa City",-91.531414,41.663849,"American, Breakfast, Burger",10,Dollar($),No,No,No,No,1,4.5,Dark Green,Excellent,488
17303670,Goldy's Breakfast Bistro,216,Boise,"108 S Capitol Blvd, Boise, ID 83702",Boise,"Boise, Boise",-116.2023,43.6149,"Breakfast, Sandwich",25,Dollar($),No,No,No,No,2,4.5,Dark Green,Excellent,879
6104220,Roti Chai,215,London,"3 Portman Mews South, Marble Arch, London W1H 6HS","Portman Mews South, Marble Arch","Portman Mews South, Marble Arch, London",-0.155732,51.514641,"Indian, Street Food",45,Pounds(ï¿½ï¿½),Yes,No,No,No,3,4.5,Dark Green,Excellent,367
17303465,Bardenay,216,Boise,"610 W Grove St, Boise, ID 83702",Boise,"Boise, Boise",-116.2019,43.6138,"American, Bar Food",25,Dollar($),No,No,No,No,2,4.5,Dark Green,Excellent,879
6800908,Mughli,215,Manchester,"30 Wilmslow Road, Rusholme, Manchester M14 5TQ",Rusholme,"Rusholme, Manchester",-2.225333333,53.456,"Indian, Curry",35,Pounds(ï¿½ï¿½),No,No,No,No,2,4.5,Dark Green,Excellent,110
6800892,Gaucho,215,Manchester,"2A St Mary's Street, Spinningfields, Manchester M3 2LB",Spinningfields,"Spinningfields, Manchester",-2.247633,53.482261,"Argentine, American",80,Pounds(ï¿½ï¿½),No,No,No,No,4,4.5,Dark Green,Excellent,602
6201360,Paper Moon,166,Doha,"Beside Jarir Bookstore, Jaidah Square, Al Matar Street, Umm Ghuwailina, Doha",Umm Ghuwailina,"Umm Ghuwailina, Doha",51.54457591,25.27301974,Italian,400,Qatari Rial(QR),No,No,No,No,4,4.5,Dark Green,Excellent,145
6401054,Kloof Street House,189,Cape Town,"30 Kloof Street, Gardens, Cape Town",Gardens,"Gardens, Cape Town",18.4125,-33.9285,Mediterranean,350,Rand(R),No,No,No,No,4,4.5,Dark Green,Excellent,356
6401485,The Creamery,189,Cape Town,"Newlands Quarter, Dean Street, Newlands, Cape Town",Newlands,"Newlands, Cape Town",18.46195,-33.970286,"Desserts, Ice Cream",110,Rand(R),No,No,No,No,2,4.5,Dark Green,Excellent,328
6318213,Balay Dako,162,Tagaytay City,"Aguinaldo Highway, Tagaytay City",Tagaytay City,"Tagaytay City, Tagaytay City",120.951589,14.101834,Filipino,1200,Botswana Pula(P),Yes,No,No,No,3,4.5,Dark Green,Excellent,211
5916085,Dem Karakï¿½_y,208,ï¿½ï¿½stanbul,"Kemankeï¿½ï¿½ Karamustafa Paï¿½ï¿½a Mahallesi, Hoca Tahsin Sokak, No 17, Beyoï¿½ï¿½lu, ï¿½ï¿½stanbul",Karakï¿½_y,"Karakï¿½_y, ï¿½ï¿½stanbul",28.9782365,41.02463331,Cafe,35,Turkish Lira(TL),No,No,No,No,2,4.5,Dark Green,Excellent,761
6304287,Izakaya Kikufuji,162,Makati City,"Little Tokyo, 2277 Chino Roces Avenue, Legaspi Village, Makati City","Little Tokyo, Legaspi Village, Makati City","Little Tokyo, Legaspi Village, Makati City, Makati City",121.014101,14.553708,Japanese,1200,Botswana Pula(P),Yes,No,No,No,3,4.5,Dark Green,Excellent,591
